(0.02317117766610255+0.02403375471160063j),0j,0j,0j,0j,0j,0j,0j,0j,0j,0j,0j,0j,0j,0j,0j,0j,0j,0j,0j,0j,0j,0j,0j,0j,0j,0j,0j,0j,0j,0j,0j,0j,0j,0j,0j,0j,0j,0j,0j,0j,0j,0j,0j,0j,0j,0j,0j,0j,0j,0j,0j,0j,0j,0j,0j,0j,0j,0j,0j,0j,0j,0j,0j
0j,(1.6092443242798784-1.0852029895693729j),(-0.177300727062621+0.0843847351240509j),0j,0j,0j,0j,0j,0j,0j,0j,0j,0j,0j,0j,0j,0j,0j,0j,0j,0j,0j,0j,0j,0j,0j,0j,0j,0j,0j,0j,0j,(0.06105721104069792+0.18709376254121426j),0j,0j,0j,0j,0j,0j,0j,0j,0j,0j,0j,0j,0j,0j,0j,0j,0j,0j,0j,0j,0j,0j,0j,0j,0j,0j,0j,0j,0j,0j,0j
0j,(-0.11130609491281346-0.16278755085723196j),(-1.1729380070011468-0.48741747271415503j),0j,(0.1278363096087477+0.3685309294003596j),0j,0j,0j,0j,0j,0j,0j,0j,0j,0j,0j,0j,0j,0j,0j,0j,0j,0j,0j,0j,0j,0j,0j,0j,0j,0j,0j,0j,0j,0j,0j,0j,0j,0j,0j,0j,0j,0j,0j,0j,0j,0j,0j,0j,0j,0j,0j,0j,0j,0j,0j,0j,0j,0j,0j,0j,0j,0j,0j
0j,0j,0j,(-0.7441930469145387+1.1060675986842128j),0j,(-0.1481413061242034+0.06308554229873908j),0j,0j,0j,0j,0j,0j,0j,0j,0j,0j,0j,0j,0j,0j,0j,0j,0j,0j,0j,0j,0j,0j,0j,0j,0j,0j,0j,0j,(-0.003364290307398583-0.19289439322692156j),0j,0j,0j,0j,0j,0j,0j,0j,0j,0j,0j,0j,0j,0j,0j,0j,0j,0j,0j,0j,0j,0j,0j,0j,0j,0j,0j,0j,0j
0j,0j,(-0.12323174293080703+0.2511417071382583j),0j,(-1.8317289122928995+0.5217601165831931j),0j,0j,0j,(-0.14731763677266105+0.09318439376822071j),0j,0j,0j,0j,0j,0j,0j,0j,0j,0j,0j,0j,0j,0j,0j,0j,0j,0j,0j,0j,0j,0j,0j,0j,0j,0j,0j,0j,0j,0j,0j,0j,0j,0j,0j,0j,0j,0j,0j,0j,0j,0j,0j,0j,0j,0j,0j,0j,0j,0j,0j,0j,0j,0j,0j
0j,0j,0j,(0.1965873919723304+0.21618549946994745j),0j,(-0.10985472681959874-0.6003100196282858j),(-0.11848498917185007+0.1520414055665761j),0j,0j,(0.13535811904357728+0.2832138873851584j),0j,0j,0j,0j,0j,0j,0j,0j,0j,0j,0j,0j,0j,0j,0j,0j,0j,0j,0j,0j,0j,0j,0j,0j,0j,0j,(0.05343275941694535-0.1813184324138799j),0j,0j,0j,0j,0j,0j,0j,0j,0j,0j,0j,0j,0j,0j,0j,0j,0j,0j,0j,0j,0j,0j,0j,0j,0j,0j,0j
0j,0j,0j,0j,0j,(-0.1161244692114546-0.15332278912670183j),(0.0505233519026822-0.914538482957082j),0j,0j,0j,(0.011092500664010047-0.3738394838777893j),0j,0j,0j,0j,0j,0j,0j,0j,0j,0j,0j,0j,0j,0j,0j,0j,0j,0j,0j,0j,0j,0j,0j,0j,0j,0j,0j,0j,0j,0j,0j,0j,0j,0j,0j,0j,0j,0j,0j,0j,0j,0j,0j,0j,0j,0j,0j,0j,0j,0j,0j,0j,0j
0j,0j,0j,0j,0j,0j,0j,(1.7219405889140251+0.45609383031950523j),0j,0j,0j,(-0.03440680166021521-0.006525593378620437j),0j,0j,0j,0j,0j,0j,0j,0j,0j,0j,0j,0j,0j,0j,0j,0j,0j,0j,0j,0j,0j,0j,0j,0j,0j,0j,(0.00373751053207377+0.19298679266411434j),0j,0j,0j,0j,0j,0j,0j,0j,0j,0j,0j,0j,0j,0j,0j,0j,0j,0j,0j,0j,0j,0j,0j,0j,0j
0j,0j,0j,0j,(0.11803415951695642+0.37334709354665796j),0j,0j,0j,(-0.48061833321563363-0.694258240870915j),0j,0j,0j,0j,0j,0j,0j,(-0.11628791281382075+0.3298313370641284j),0j,0j,0j,0j,0j,0j,0j,0j,0j,0j,0j,0j,0j,0j,0j,0j,0j,0j,0j,0j,0j,0j,0j,0j,0j,0j,0j,0j,0j,0j,0j,0j,0j,0j,0j,0j,0j,0j,0j,0j,0j,0j,0j,0j,0j,0j,0j
0j,0j,0j,0j,0j,(-0.10888080950031274+0.017356879296416328j),0j,0j,0j,(-1.430238526356285+0.6594554728815297j),(0.07325240826541818-0.1724783489194709j),0j,0j,0j,0j,0j,0j,(0.1086363017945144+0.06239685586724775j),0j,0j,0j,0j,0j,0j,0j,0j,0j,0j,0j,0j,0j,0j,0j,0j,0j,0j,0j,0j,0j,0j,(0.05350094836711551-0.1812767909520531j),0j,0j,0j,0j,0j,0j,0j,0j,0j,0j,0j,0j,0j,0j,0j,0j,0j,0j,0j,0j,0j,0j,0j
0j,0j,0j,0j,0j,0j,(-0.16777276488003262-0.06544571400613391j),0j,0j,(0.14507058620089425+0.12040212691964958j),(1.724546702558402+0.6179784408605022j),0j,(0.043335516649560576-0.3773507236919057j),0j,0j,0j,0j,0j,(-0.01981758936692822-0.3676131346445438j),0j,0j,0j,0j,0j,0j,0j,0j,0j,0j,0j,0j,0j,0j,0j,0j,0j,0j,0j,0j,0j,0j,0j,0j,0j,0j,0j,0j,0j,0j,0j,0j,0j,0j,0j,0j,0j,0j,0j,0j,0j,0j,0j,0j,0j
0j,0j,0j,0j,0j,0j,0j,(0.1833514120230097-0.29775426629613816j),0j,0j,0j,(0.06839266897244045-0.150797747533506j),0j,(0.09415195178461452+0.004942314713141049j),0j,0j,0j,0j,0j,(0.12490794340998645+0.02072343870697335j),0j,0j,0j,0j,0j,0j,0j,0j,0j,0j,0j,0j,0j,0j,0j,0j,0j,0j,0j,0j,0j,0j,(-0.10358973073121934+0.15366899698516442j),0j,0j,0j,0j,0j,0j,0j,0j,0j,0j,0j,0j,0j,0j,0j,0j,0j,0j,0j,0j,0j
0j,0j,0j,0j,0j,0j,0j,0j,0j,0j,(0.04063558811001612-0.3798852429766073j),0j,(1.9078341944880184-0.2277877702299192j),0j,0j,0j,0j,0j,0j,0j,(-0.1180267051160818-0.0644171745201338j),0j,0j,0j,0j,0j,0j,0j,0j,0j,0j,0j,0j,0j,0j,0j,0j,0j,0j,0j,0j,0j,0j,0j,0j,0j,0j,0j,0j,0j,0j,0j,0j,0j,0j,0j,0j,0j,0j,0j,0j,0j,0j,0j
0j,0j,0j,0j,0j,0j,0j,0j,0j,0j,0j,(-0.05806543951924317-0.02812138509511708j),0j,(0.007795353347719414+0.310216460645067j),(0.09837008218095217-0.16549052357069757j),0j,0j,0j,0j,0j,0j,(0.2108620579554121-0.3010351573233875j),0j,0j,0j,0j,0j,0j,0j,0j,0j,0j,0j,0j,0j,0j,0j,0j,0j,0j,0j,0j,0j,0j,(-0.052433215543891826+0.18171047466793405j),0j,0j,0j,0j,0j,0j,0j,0j,0j,0j,0j,0j,0j,0j,0j,0j,0j,0j,0j
0j,0j,0j,0j,0j,0j,0j,0j,0j,0j,0j,0j,0j,(0.06190451177573363+0.1818813932799378j),(0.003887093846025369+0.8041366200116931j),0j,0j,0j,0j,0j,0j,0j,(-0.15585492507781137+0.1449718355918176j),0j,0j,0j,0j,0j,0j,0j,0j,0j,0j,0j,0j,0j,0j,0j,0j,0j,0j,0j,0j,0j,0j,0j,0j,0j,0j,0j,0j,0j,0j,0j,0j,0j,0j,0j,0j,0j,0j,0j,0j,0j
0j,0j,0j,0j,0j,0j,0j,0j,0j,0j,0j,0j,0j,0j,0j,(-1.792125364276246-0.35230700285219013j),0j,0j,0j,0j,0j,0j,0j,(0.1525354491874319+0.2590261609449328j),0j,0j,0j,0j,0j,0j,0j,0j,0j,0j,0j,0j,0j,0j,0j,0j,0j,0j,0j,0j,0j,0j,(-0.003287494196133798-0.1928984621195567j),0j,0j,0j,0j,0j,0j,0j,0j,0j,0j,0j,0j,0j,0j,0j,0j,0j
0j,0j,0j,0j,0j,0j,0j,0j,(-0.1367887793348476+0.10067207447941957j),0j,0j,0j,0j,0j,0j,0j,(-1.6291139238277297-0.5355203267843403j),0j,0j,0j,0j,0j,0j,0j,0j,0j,0j,0j,0j,0j,0j,0j,(0.12638145537227863+0.361433329126132j),0j,0j,0j,0j,0j,0j,0j,0j,0j,0j,0j,0j,0j,0j,0j,0j,0j,0j,0j,0j,0j,0j,0j,0j,0j,0j,0j,0j,0j,0j,0j
0j,0j,0j,0j,0j,0j,0j,0j,0j,(0.14103543993542036+0.2898867068875385j),0j,0j,0j,0j,0j,0j,0j,(-0.29762894910668014+0.5510234619863119j),(-0.08156474080266518-0.1702522790794376j),0j,0j,0j,0j,0j,0j,0j,0j,0j,0j,0j,0j,0j,0j,(-0.063621608237982+0.022231572061424287j),0j,0j,0j,0j,0j,0j,0j,0j,0j,0j,0j,0j,0j,0j,(0.0027050151574617267-0.19249284533158875j),0j,0j,0j,0j,0j,0j,0j,0j,0j,0j,0j,0j,0j,0j,0j
0j,0j,0j,0j,0j,0j,0j,0j,0j,0j,(0.11523463660579185-0.35467456361723504j),0j,0j,0j,0j,0j,0j,(0.15628138176757222-0.10731394253358897j),(1.8099221689200862-0.1431441164673689j),0j,(-0.11381514227315181-0.10905103035070429j),0j,0j,0j,0j,0j,0j,0j,0j,0j,0j,0j,0j,0j,(-0.15418279051234365-0.17474151647575584j),0j,0j,0j,0j,0j,0j,0j,0j,0j,0j,0j,0j,0j,0j,0j,0j,0j,0j,0j,0j,0j,0j,0j,0j,0j,0j,0j,0j,0j
0j,0j,0j,0j,0j,0j,0j,0j,0j,0j,0j,(-0.032322271734654615-0.015028825162976378j),0j,0j,0j,0j,0j,0j,0j,(-0.09097380877020877+0.6041738701357641j),0j,(0.23211722195253637-0.2903841813102056j),0j,0j,0j,0j,0j,0j,0j,0j,0j,0j,0j,0j,0j,(0.22018042434307805-0.1829208357305587j),0j,0j,0j,0j,0j,0j,0j,0j,0j,0j,0j,0j,0j,0j,(-0.05793173500690492+0.1796053497109279j),0j,0j,0j,0j,0j,0j,0j,0j,0j,0j,0j,0j,0j
0j,0j,0j,0j,0j,0j,0j,0j,0j,0j,0j,0j,(0.06747545454080607-0.3746355981306777j),0j,0j,0j,0j,0j,(-0.008140855040924322-0.3582978884683265j),0j,(0.46534170033068617-0.4399501955674298j),0j,0j,0j,(0.0779892102490915-0.36587570010677717j),0j,0j,0j,0j,0j,0j,0j,0j,0j,0j,0j,(0.09026702172512187+0.022490117884338662j),0j,0j,0j,0j,0j,0j,0j,0j,0j,0j,0j,0j,0j,0j,0j,0j,0j,0j,0j,0j,0j,0j,0j,0j,0j,0j,0j
0j,0j,0j,0j,0j,0j,0j,0j,0j,0j,0j,0j,0j,(0.06207367480885613+0.019894726879203795j),0j,0j,0j,0j,0j,(0.08124337101458948+0.031931728841056384j),0j,(1.0897859339727998+1.4195499642736191j),(-0.14557972862134597-0.11449111652641664j),0j,0j,(0.035377714412692406+0.01269117376751877j),0j,0j,0j,0j,0j,0j,0j,0j,0j,0j,0j,(0.060039754838240506-0.3501396821497401j),0j,0j,0j,0j,0j,0j,0j,0j,0j,0j,0j,0j,0j,0j,(-0.10811683525608157+0.15008552694009603j),0j,0j,0j,0j,0j,0j,0j,0j,0j,0j,0j
0j,0j,0j,0j,0j,0j,0j,0j,0j,0j,0j,0j,0j,0j,(0.15070322734610497+0.04273835533412859j),0j,0j,0j,0j,0j,0j,(0.14783275438857343-0.11078661185646596j),(-0.4626313636247457-0.939264521576465j),0j,0j,0j,(0.16793878027708575+0.18522580319971066j),0j,0j,0j,0j,0j,0j,0j,0j,0j,0j,0j,(-0.18477999593849412+0.30221568431250484j),0j,0j,0j,0j,0j,0j,0j,0j,0j,0j,0j,0j,0j,0j,0j,0j,0j,0j,0j,0j,0j,0j,0j,0j,0j
0j,0j,0j,0j,0j,0j,0j,0j,0j,0j,0j,0j,0j,0j,0j,(-0.1715998778395976+0.31962497734468875j),0j,0j,0j,0j,0j,0j,0j,(-1.4110938806707183+0.32772449349088123j),0j,0j,0j,(-0.2709831239778542+0.15616662859766756j),0j,0j,0j,0j,0j,0j,0j,0j,0j,0j,0j,(0.1399807842231609+0.09340178291113138j),0j,0j,0j,0j,0j,0j,0j,0j,0j,0j,0j,0j,0j,0j,(0.059004624378369036-0.17918228065340902j),0j,0j,0j,0j,0j,0j,0j,0j,0j
0j,0j,0j,0j,0j,0j,0j,0j,0j,0j,0j,0j,0j,0j,0j,0j,0j,0j,0j,0j,(-0.11293708827755809-0.06586204872508253j),0j,0j,0j,(1.9119219308375164-0.17165669979341j),0j,0j,0j,0j,0j,0j,0j,0j,0j,0j,0j,0j,0j,0j,0j,(-0.14798490364244066-0.2673016660862254j),0j,0j,0j,0j,0j,0j,0j,0j,0j,0j,0j,0j,0j,0j,0j,0j,0j,0j,0j,0j,0j,0j,0j
0j,0j,0j,0j,0j,0j,0j,0j,0j,0j,0j,0j,0j,0j,0j,0j,0j,0j,0j,0j,0j,(0.21866073114021733-0.29128453460492393j),0j,0j,0j,(-0.010601555804326201+0.11290147387165139j),(0.18590449406664164-0.02437989790331122j),0j,0j,0j,0j,0j,0j,0j,0j,0j,0j,0j,0j,0j,0j,(0.19090826346997833-0.10438428479740122j),0j,0j,0j,0j,0j,0j,0j,0j,0j,0j,0j,0j,0j,0j,(-0.0020280961396053703+0.1926257657927073j),0j,0j,0j,0j,0j,0j,0j
0j,0j,0j,0j,0j,0j,0j,0j,0j,0j,0j,0j,0j,0j,0j,0j,0j,0j,0j,0j,0j,0j,(-0.19531247760657977+0.08614789699099562j),0j,0j,(-0.03034133264388518+0.18616342880353437j),(-0.9352629217954282+0.78348979562025j),0j,(0.18667942945269544+0.14065260503579363j),0j,0j,0j,0j,0j,0j,0j,0j,0j,0j,0j,0j,0j,(0.0002912911626415521+0.0005091795995736947j),0j,0j,0j,0j,0j,0j,0j,0j,0j,0j,0j,0j,0j,0j,0j,0j,0j,0j,0j,0j,0j
0j,0j,0j,0j,0j,0j,0j,0j,0j,0j,0j,0j,0j,0j,0j,0j,0j,0j,0j,0j,0j,0j,0j,(0.06211102401661378+0.2891170744468913j),0j,0j,0j,(-0.7362556813734205-1.3414010921130366j),0j,(-0.19377581393323795+0.31118081738035364j),0j,0j,0j,0j,0j,0j,0j,0j,0j,0j,0j,0j,0j,(-0.17655797179154054+0.3329041694102073j),0j,0j,0j,0j,0j,0j,0j,0j,0j,0j,0j,0j,0j,0j,(0.058710107979936504-0.17928030240551018j),0j,0j,0j,0j,0j
0j,0j,0j,0j,0j,0j,0j,0j,0j,0j,0j,0j,0j,0j,0j,0j,0j,0j,0j,0j,0j,0j,0j,0j,0j,0j,(0.1791749340053731+0.13156031894995823j),0j,(-0.4019486325077263+0.9390012224701015j),0j,0j,0j,0j,0j,0j,0j,0j,0j,0j,0j,0j,0j,0j,0j,(-0.027862921303141018-0.0058265483717345745j),0j,0j,0j,0j,0j,0j,0j,0j,0j,0j,0j,0j,0j,0j,0j,0j,0j,0j,0j
0j,0j,0j,0j,0j,0j,0j,0j,0j,0j,0j,0j,0j,0j,0j,0j,0j,0j,0j,0j,0j,0j,0j,0j,0j,0j,0j,(-0.24786475884698947+0.15470275700510153j),0j,(-1.5473194022925645-0.8529039224047119j),(0.19259870728203107+0.002115847011374218j),0j,0j,0j,0j,0j,0j,0j,0j,0j,0j,0j,0j,0j,0j,(-0.002329123877403645+0.3793008953752045j),0j,0j,0j,0j,0j,0j,0j,0j,0j,0j,0j,0j,0j,0j,(0.002399063794075086-0.19252202210208888j),0j,0j,0j
0j,0j,0j,0j,0j,0j,0j,0j,0j,0j,0j,0j,0j,0j,0j,0j,0j,0j,0j,0j,0j,0j,0j,0j,0j,0j,0j,0j,0j,(-0.12655236473438722+0.14469753268892888j),(1.0014533071557656+0.5234474151847395j),0j,0j,0j,0j,0j,0j,0j,0j,0j,0j,0j,0j,0j,0j,0j,(0.06046934561063917-0.36185647442190805j),0j,0j,0j,0j,0j,0j,0j,0j,0j,0j,0j,0j,0j,0j,0j,0j,0j
0j,0j,0j,0j,0j,0j,0j,0j,0j,0j,0j,0j,0j,0j,0j,0j,0j,0j,0j,0j,0j,0j,0j,0j,0j,0j,0j,0j,0j,0j,0j,(0.9620048185733616-1.121814187637082j),0j,0j,0j,0j,0j,0j,0j,0j,0j,0j,0j,0j,0j,0j,0j,(-0.14947431949824685-0.03305677103500965j),0j,0j,0j,0j,0j,0j,0j,0j,0j,0j,0j,0j,0j,0j,(0.05532553242968999+0.18845690683524613j),0j
0j,(-0.055325532429689975-0.1884569068352461j),0j,0j,0j,0j,0j,0j,0j,0j,0j,0j,0j,0j,0j,0j,(-0.08031822490113802+0.3531048126631354j),0j,0j,0j,0j,0j,0j,0j,0j,0j,0j,0j,0j,0j,0j,0j,(-1.693208007188078+0.7806941692830538j),0j,0j,0j,0j,0j,0j,0j,0j,0j,0j,0j,0j,0j,0j,0j,0j,0j,0j,0j,0j,0j,0j,0j,0j,0j,0j,0j,0j,0j,0j,0j
0j,0j,0j,0j,0j,0j,0j,0j,0j,0j,0j,0j,0j,0j,0j,0j,0j,(0.14988918453097716+0.040026270830404914j),0j,0j,0j,0j,0j,0j,0j,0j,0j,0j,0j,0j,0j,0j,0j,(-0.12243639562537478-0.15912574790278944j),(-0.1799960370090257+0.06809820534058574j),0j,0j,0j,0j,0j,0j,0j,0j,0j,0j,0j,0j,0j,0j,0j,0j,0j,0j,0j,0j,0j,0j,0j,0j,0j,0j,0j,0j,0j
0j,0j,0j,(-0.002399063794075071+0.19252202210208869j),0j,0j,0j,0j,0j,0j,0j,0j,0j,0j,0j,0j,0j,0j,(-0.06235735282783531-0.3604740102204533j),0j,0j,0j,0j,0j,0j,0j,0j,0j,0j,0j,0j,0j,0j,(-0.09722417793651167-0.1670895416304985j),(0.7185411211336707-0.7767065010038852j),0j,(0.08491843809815723+0.0091837137657034j),0j,0j,0j,0j,0j,0j,0j,0j,0j,0j,0j,0j,0j,0j,0j,0j,0j,0j,0j,0j,0j,0j,0j,0j,0j,0j,0j
0j,0j,0j,0j,0j,0j,0j,0j,0j,0j,0j,0j,0j,0j,0j,0j,0j,0j,0j,(0.09745340393686096-0.006944151627578499j),0j,0j,0j,0j,0j,0j,0j,0j,0j,0j,0j,0j,0j,0j,0j,(1.0758332236503723+0.8034654379697961j),0j,(-0.10611848870051782-0.3501294008566628j),0j,0j,0j,0j,0j,0j,0j,0j,0j,0j,0j,0j,0j,0j,0j,0j,0j,0j,0j,0j,0j,0j,0j,0j,0j,0j
0j,0j,0j,0j,0j,(-0.058710107979936525+0.17928030240551024j),0j,0j,0j,0j,0j,0j,0j,0j,0j,0j,0j,0j,0j,0j,(-0.08125749880596608-0.06947620777006659j),0j,0j,0j,0j,0j,0j,0j,0j,0j,0j,0j,0j,0j,(-0.1307674050214273-0.12968116073448713j),0j,(-0.09717003366656196+0.5736046388597772j),0j,0j,0j,(-0.061135027067463196-0.2888964606938047j),0j,0j,0j,0j,0j,0j,0j,0j,0j,0j,0j,0j,0j,0j,0j,0j,0j,0j,0j,0j,0j,0j,0j
0j,0j,0j,0j,0j,0j,0j,0j,0j,0j,0j,0j,0j,0j,0j,0j,0j,0j,0j,0j,0j,(0.22582438818353517-0.28254870136289634j),0j,0j,0j,0j,0j,0j,0j,0j,0j,0j,0j,0j,0j,(0.1839295251535737-0.15849863114530957j),0j,(1.817147261253573-0.1191422352180731j),(-0.14760909784952939+0.11806252311761253j),0j,0j,(0.18459278970327467-0.07126544343973167j),0j,0j,0j,0j,0j,0j,0j,0j,0j,0j,0j,0j,0j,0j,0j,0j,0j,0j,0j,0j,0j,0j
0j,0j,0j,0j,0j,0j,0j,(0.0020280961396053694-0.1926257657927073j),0j,0j,0j,0j,0j,0j,0j,0j,0j,0j,0j,0j,0j,0j,(-0.19959630955367402+0.12346697305501907j),0j,0j,0j,0j,0j,0j,0j,0j,0j,0j,0j,0j,0j,0j,(-0.07744638921675208-0.17200335590344926j),(-1.6143430489307422-0.7882951077984737j),0j,0j,0j,(-0.01221446802684456-0.0075153328653758955j),0j,0j,0j,0j,0j,0j,0j,0j,0j,0j,0j,0j,0j,0j,0j,0j,0j,0j,0j,0j,0j
0j,0j,0j,0j,0j,0j,0j,0j,0j,0j,0j,0j,0j,0j,0j,0j,0j,0j,0j,0j,0j,0j,0j,(0.14149513011032133+0.28031942125426473j),0j,0j,0j,0j,0j,0j,0j,0j,0j,0j,0j,0j,0j,0j,0j,(-0.3502821310187554+0.9023615043725718j),0j,0j,0j,(-0.11833829758931269+0.3548848610986008j),0j,0j,0j,0j,0j,0j,0j,0j,0j,0j,0j,0j,0j,0j,0j,0j,0j,0j,0j,0j
0j,0j,0j,0j,0j,0j,0j,0j,0j,(-0.059004624378369015+0.17918228065340894j),0j,0j,0j,0j,0j,0j,0j,0j,0j,0j,0j,0j,0j,0j,(0.054111233259576105-0.3774792345394331j),0j,0j,0j,0j,0j,0j,0j,0j,0j,0j,0j,(0.13140262531684244+0.013523342368713304j),0j,0j,0j,(1.3493439945911714-0.37287948452922554j),0j,0j,0j,0j,0j,0j,0j,(-0.10973598151933824-0.04843388467507659j),0j,0j,0j,0j,0j,0j,0j,0j,0j,0j,0j,0j,0j,0j,0j
0j,0j,0j,0j,0j,0j,0j,0j,0j,0j,0j,0j,0j,0j,0j,0j,0j,0j,0j,0j,0j,0j,0j,0j,0j,(-0.0005147003173447129-0.003637024542159417j),0j,0j,0j,0j,0j,0j,0j,0j,0j,0j,0j,(-0.035187840036185025-0.37283848367107686j),0j,0j,0j,(0.3810717153662586+0.8854998888477557j),(0.08612343880692185-0.16212524407088036j),0j,0j,0j,0j,0j,0j,(0.11241104299364457-0.32001495131436664j),0j,0j,0j,0j,0j,0j,0j,0j,0j,0j,0j,0j,0j,0j
0j,0j,0j,0j,0j,0j,0j,0j,0j,0j,0j,(0.10811683525608161-0.15008552694009586j),0j,0j,0j,0j,0j,0j,0j,0j,0j,0j,0j,0j,0j,0j,(0.1005706167988956+0.197223823914548j),0j,0j,0j,0j,0j,0j,0j,0j,0j,0j,0j,(-0.23802239571126704+0.2686949950641365j),0j,0j,(0.13259243059633702+0.12862767379961398j),(0.08355378052139617-0.10184244545866006j),0j,(-0.014524720393334856-0.010073979146409173j),0j,0j,0j,0j,0j,(-0.13734390198734286-0.012135120301543095j),0j,0j,0j,0j,0j,0j,0j,0j,0j,0j,0j,0j,0j
0j,0j,0j,0j,0j,0j,0j,0j,0j,0j,0j,0j,0j,0j,0j,0j,0j,0j,0j,0j,0j,0j,0j,0j,0j,0j,0j,(-0.2697232658611647+0.11757983726183774j),0j,0j,0j,0j,0j,0j,0j,0j,0j,0j,0j,(0.14270721641123696+0.10245647298944269j),0j,0j,0j,(-1.5240652009525242-1.015109010011904j),0j,(-0.059007588489375734+0.36864238425749074j),0j,0j,0j,0j,0j,(0.011799635400153607+0.37452370934100265j),0j,0j,0j,0j,0j,0j,0j,0j,0j,0j,0j,0j
0j,0j,0j,0j,0j,0j,0j,0j,0j,0j,0j,0j,0j,(0.057931735006904954-0.17960534971092812j),0j,0j,0j,0j,0j,0j,0j,0j,0j,0j,0j,0j,0j,0j,(0.14485879624613052+0.10215578195775442j),0j,0j,0j,0j,0j,0j,0j,0j,0j,0j,0j,0j,0j,(-0.05878347358945289-0.030665180553562765j),0j,(0.1019172384644631-0.2649984748712472j),0j,0j,0j,0j,0j,0j,0j,(-0.23877267187356122+0.2748397827666032j),0j,0j,0j,0j,0j,0j,0j,0j,0j,0j,0j
0j,0j,0j,0j,0j,0j,0j,0j,0j,0j,0j,0j,0j,0j,0j,0j,0j,0j,0j,0j,0j,0j,0j,0j,0j,0j,0j,0j,0j,(-0.19324248607432437+0.2897116416581689j),0j,0j,0j,0j,0j,0j,0j,0j,0j,0j,0j,0j,0j,(-0.1824689611418022+0.31963054751196357j),0j,(-1.853377734496012-0.1776331718589038j),(0.13202400379417134-0.13487359189276502j),0j,0j,0j,0j,0j,0j,(0.12435585218834092+0.0751581065770674j),0j,0j,0j,0j,0j,0j,0j,0j,0j,0j
0j,0j,0j,0j,0j,0j,0j,0j,0j,0j,0j,0j,0j,0j,0j,(-0.002705015157461728+0.19249284533158872j),0j,0j,0j,0j,0j,0j,0j,0j,0j,0j,0j,0j,0j,0j,(0.1630501750366705-0.18580695653362692j),0j,0j,0j,0j,0j,0j,0j,0j,0j,0j,0j,0j,0j,0j,(0.018487633929758246+0.18747540298572177j),(1.68751009416235+0.7063928434117398j),0j,0j,0j,0j,0j,0j,0j,(-0.15443132120700692-0.26267239232726636j),0j,0j,0j,0j,0j,0j,0j,0j,0j
0j,0j,0j,0j,0j,0j,0j,0j,0j,0j,0j,0j,0j,0j,0j,0j,0j,0j,0j,0j,0j,0j,0j,0j,0j,0j,0j,0j,0j,0j,0j,(-0.21675156294951392-0.2261993582567019j),0j,0j,0j,0j,0j,0j,0j,0j,0j,0j,0j,0j,0j,0j,0j,(0.2625016080541185-0.8149646783158982j),0j,0j,0j,0j,0j,0j,0j,(0.1345100733280667-0.09655757550692451j),0j,0j,0j,0j,0j,0j,0j,0j
0j,0j,0j,0j,0j,0j,0j,0j,0j,0j,0j,0j,0j,0j,0j,0j,0j,(0.003287494196133803+0.19289846211955675j),0j,0j,0j,0j,0j,0j,0j,0j,0j,0j,0j,0j,0j,0j,0j,0j,0j,0j,0j,0j,0j,0j,(-0.1566829367538265-0.24766524164886441j),0j,0j,0j,0j,0j,0j,0j,(0.09425445304784141-0.6280465323887472j),0j,0j,0j,0j,0j,0j,0j,0j,0j,0j,0j,0j,0j,0j,0j
0j,0j,0j,0j,0j,0j,0j,0j,0j,0j,0j,0j,0j,0j,0j,0j,0j,0j,0j,0j,0j,0j,0j,0j,0j,0j,0j,0j,0j,0j,0j,0j,0j,0j,0j,0j,0j,0j,0j,0j,0j,(0.14896868420582116-0.12267210862957825j),0j,0j,0j,0j,0j,0j,0j,(1.695304462678696+0.08096475409920628j),(-0.1258670423770037-0.1457960305461136j),0j,0j,0j,0j,0j,0j,0j,0j,0j,0j,0j,0j,0j
0j,0j,0j,0j,0j,0j,0j,0j,0j,0j,0j,0j,0j,0j,0j,0j,0j,0j,0j,(0.05243321554389183-0.1817104746679339j),0j,0j,0j,0j,0j,0j,0j,0j,0j,0j,0j,0j,0j,0j,0j,0j,0j,0j,0j,0j,0j,0j,(-0.017844462650899243-0.009158788983573085j),0j,0j,0j,0j,0j,0j,(0.12370447812882115-0.14874563592439483j),(-0.14425791924195153-0.6481125944717752j),0j,(-0.22596953413383314+0.2689931729253454j),0j,0j,0j,0j,0j,0j,0j,0j,0j,0j,0j
0j,0j,0j,0j,0j,0j,0j,0j,0j,0j,0j,0j,0j,0j,0j,0j,0j,0j,0j,0j,0j,0j,0j,0j,0j,0j,0j,0j,0j,0j,0j,0j,0j,0j,0j,0j,0j,0j,0j,0j,0j,0j,0j,(-0.10873213615782701+0.3600319005885282j),0j,0j,0j,0j,0j,0j,0j,(-1.801603840546346+0.5946612894882113j),0j,(0.10810498080615537+0.03683000623394633j),0j,0j,0j,0j,0j,0j,0j,0j,0j,0j
0j,0j,0j,0j,0j,0j,0j,0j,0j,0j,0j,0j,0j,0j,0j,0j,0j,0j,0j,0j,0j,(0.10358973073121931-0.1536689969851644j),0j,0j,0j,0j,0j,0j,0j,0j,0j,0j,0j,0j,0j,0j,0j,0j,0j,0j,0j,0j,0j,0j,(-0.05302963531939403-0.021326672880012554j),0j,0j,0j,0j,0j,(-0.16391051932131293+0.026193726657758515j),0j,(-1.3018817587847782-1.22200262333184j),0j,0j,0j,(-0.013072512251486056+0.003527069623038892j),0j,0j,0j,0j,0j,0j,0j
0j,0j,0j,0j,0j,0j,0j,0j,0j,0j,0j,0j,0j,0j,0j,0j,0j,0j,0j,0j,0j,0j,0j,0j,0j,0j,0j,0j,0j,0j,0j,0j,0j,0j,0j,0j,0j,0j,0j,0j,0j,0j,0j,0j,0j,(-0.04834118681135034+0.375135812193378j),0j,0j,0j,0j,0j,(0.034893547028558576+0.38105386518246787j),0j,(-0.38860146744889656+0.6018621799149397j),(-0.16103823842653403-0.09932600379874636j),0j,0j,(0.01872471898870027+0.3764563268420589j),0j,0j,0j,0j,0j,0j
0j,0j,0j,0j,0j,0j,0j,0j,0j,0j,0j,0j,0j,0j,0j,0j,0j,0j,0j,0j,0j,0j,0j,(-0.05350094836711555+0.18127679095205312j),0j,0j,0j,0j,0j,0j,0j,0j,0j,0j,0j,0j,0j,0j,0j,0j,0j,0j,0j,0j,0j,0j,(0.1526845240440886-0.3385506511223427j),0j,0j,0j,0j,0j,0j,(0.13602900381393385-0.1308514283406954j),(1.3121362896930253-0.7216767505737626j),0j,0j,0j,(0.21311364187333626-0.23357726769313839j),0j,0j,0j,0j,0j
0j,0j,0j,0j,0j,0j,0j,0j,0j,0j,0j,0j,0j,0j,0j,0j,0j,0j,0j,0j,0j,0j,0j,0j,0j,0j,0j,0j,0j,0j,0j,0j,0j,0j,0j,0j,0j,0j,0j,0j,0j,0j,0j,0j,0j,0j,0j,(-0.1638534884965844-0.0594248253454468j),0j,0j,0j,0j,0j,0j,0j,(0.444580041227398+0.6732819776170037j),0j,0j,0j,(-0.2312932668896061-0.17271688025194357j),0j,0j,0j,0j
0j,0j,0j,0j,0j,0j,0j,0j,0j,0j,0j,0j,0j,0j,0j,0j,0j,0j,0j,0j,0j,0j,0j,0j,0j,(-0.0037375105320737703-0.1929867926641143j),0j,0j,0j,0j,0j,0j,0j,0j,0j,0j,0j,0j,0j,0j,0j,0j,0j,0j,0j,0j,0j,0j,0j,0j,0j,0j,(-0.14086892654819677+0.3331187430681497j),0j,0j,0j,(-0.008681044216843015-0.13260530961260078j),0j,0j,0j,0j,0j,0j,0j
0j,0j,0j,0j,0j,0j,0j,0j,0j,0j,0j,0j,0j,0j,0j,0j,0j,0j,0j,0j,0j,0j,0j,0j,0j,0j,0j,0j,0j,0j,0j,0j,0j,0j,0j,0j,0j,0j,0j,0j,0j,0j,0j,0j,0j,0j,0j,0j,0j,0j,0j,0j,0j,(0.13945336164618916+0.04096451471555701j),0j,0j,0j,(-1.8158997367307785+0.6595630808298583j),(0.17687619660420298-0.07303867076204486j),0j,0j,0j,0j,0j
0j,0j,0j,0j,0j,0j,0j,0j,0j,0j,0j,0j,0j,0j,0j,0j,0j,0j,0j,0j,0j,0j,0j,0j,0j,0j,0j,(-0.053432759416945336+0.1813184324138798j),0j,0j,0j,0j,0j,0j,0j,0j,0j,0j,0j,0j,0j,0j,0j,0j,0j,0j,0j,0j,0j,0j,0j,0j,0j,0j,(-0.1473064743081213-0.26037682868893813j),0j,0j,(0.020945210739363812+0.19140615942459627j),(1.1723015580019711+1.0501871885500642j),0j,(0.17712150505227875-0.26417619272349036j),0j,0j,0j
0j,0j,0j,0j,0j,0j,0j,0j,0j,0j,0j,0j,0j,0j,0j,0j,0j,0j,0j,0j,0j,0j,0j,0j,0j,0j,0j,0j,0j,0j,0j,0j,0j,0j,0j,0j,0j,0j,0j,0j,0j,0j,0j,0j,0j,0j,0j,0j,0j,0j,0j,0j,0j,0j,0j,(0.1505378686374094-0.10086862904937884j),0j,0j,0j,(0.7922087782680576-1.0889146936796241j),0j,(-0.1904967097765351-0.04115357010560616j),0j,0j
0j,0j,0j,0j,0j,0j,0j,0j,0j,0j,0j,0j,0j,0j,0j,0j,0j,0j,0j,0j,0j,0j,0j,0j,0j,0j,0j,0j,0j,(0.0033642903073985877+0.19289439322692173j),0j,0j,0j,0j,0j,0j,0j,0j,0j,0j,0j,0j,0j,0j,0j,0j,0j,0j,0j,0j,0j,0j,0j,0j,0j,0j,0j,0j,(0.16269950069958816-0.30368653741419044j),0j,(1.5987909112000729+0.5873266601164707j),0j,0j,0j
0j,0j,0j,0j,0j,0j,0j,0j,0j,0j,0j,0j,0j,0j,0j,0j,0j,0j,0j,0j,0j,0j,0j,0j,0j,0j,0j,0j,0j,0j,0j,0j,0j,0j,0j,0j,0j,0j,0j,0j,0j,0j,0j,0j,0j,0j,0j,0j,0j,0j,0j,0j,0j,0j,0j,0j,0j,0j,0j,(-0.24773682037234895-0.15914112792202068j),0j,(0.17255302247069848-1.076206539686576j),(0.19558617816962529-0.01934569418588991j),0j
0j,0j,0j,0j,0j,0j,0j,0j,0j,0j,0j,0j,0j,0j,0j,0j,0j,0j,0j,0j,0j,0j,0j,0j,0j,0j,0j,0j,0j,0j,0j,(-0.06105721104069792-0.18709376254121426j),0j,0j,0j,0j,0j,0j,0j,0j,0j,0j,0j,0j,0j,0j,0j,0j,0j,0j,0j,0j,0j,0j,0j,0j,0j,0j,0j,0j,0j,(-0.11082953969220433+0.16189801339879784j),(-0.6523255880477291+1.381221639643018j),0j
0j,0j,0j,0j,0j,0j,0j,0j,0j,0j,0j,0j,0j,0j,0j,0j,0j,0j,0j,0j,0j,0j,0j,0j,0j,0j,0j,0j,0j,0j,0j,0j,0j,0j,0j,0j,0j,0j,0j,0j,0j,0j,0j,0j,0j,0j,0j,0j,0j,0j,0j,0j,0j,0j,0j,0j,0j,0j,0j,0j,0j,0j,0j,(-0.8305183008305903-0.3134456120475647j)
