(0.7085176912077179-0.705672514734934j),0j,0j,0j,0j,0j,0j,0j,0j,0j,0j,0j,0j,0j,0j,0j,0j,0j,0j,0j,0j,0j,0j,0j,0j,0j,0j,0j,0j,0j,0j,0j,0j,0j,0j,0j,0j,0j,0j,0j,0j,0j,0j,0j,0j,0j,0j,0j,0j,0j,0j,0j,0j,0j,0j,0j,0j,0j,0j,0j,0j,0j,0j,0j
0j,(-0.7274042680355768+0.6570582120985775j),(0.177300727062621-0.0843847351240509j),0j,0j,0j,0j,0j,0j,0j,0j,0j,0j,0j,0j,0j,0j,0j,0j,0j,0j,0j,0j,0j,0j,0j,0j,0j,0j,0j,0j,0j,0j,0j,0j,0j,0j,0j,0j,0j,0j,0j,0j,0j,0j,0j,0j,0j,0j,0j,0j,0j,0j,0j,0j,0j,0j,0j,0j,0j,0j,0j,0j,0j
0j,(0.11130609491281346+0.16278755085723196j),(0.29109795075684475+0.9155622501849501j),0j,(-0.07251077717905771-0.18007402256511332j),0j,0j,0j,0j,0j,0j,0j,0j,0j,0j,0j,0j,0j,0j,0j,0j,0j,0j,0j,0j,0j,0j,0j,0j,0j,0j,0j,0j,0j,0j,0j,0j,0j,0j,0j,0j,0j,0j,0j,0j,0j,0j,0j,0j,0j,0j,0j,0j,0j,0j,0j,0j,0j,0j,0j,0j,0j,0j,0j
0j,0j,0j,(-0.20538701396684564-0.9586827486239076j),0j,(0.14574224233012834+0.1294364798033496j),0j,0j,0j,0j,0j,0j,0j,0j,0j,0j,0j,0j,0j,0j,0j,0j,0j,0j,0j,0j,0j,0j,0j,0j,0j,0j,0j,0j,0j,0j,0j,0j,0j,0j,0j,0j,0j,0j,0j,0j,0j,0j,0j,0j,0j,0j,0j,0j,0j,0j,0j,0j,0j,0j,0j,0j,0j,0j
0j,0j,(0.18428895397150494-0.06404794459704398j),0j,(0.8817407292179751-0.3801610574530503j),0j,0j,0j,(0.17061942411560846+0.10104610477556794j),0j,0j,0j,0j,0j,0j,0j,0j,0j,0j,0j,0j,0j,0j,0j,0j,0j,0j,0j,0j,0j,0j,0j,0j,0j,0j,0j,0j,0j,0j,0j,0j,0j,0j,0j,0j,0j,0j,0j,0j,0j,0j,0j,0j,0j,0j,0j,0j,0j,0j,0j,0j,0j,0j,0j
0j,0j,0j,(-0.19322310166493184-0.02329110624302568j),0j,(-0.8211092786595366+0.4595656840410859j),(0.11848498917185007-0.1520414055665761j),0j,0j,(-0.16942444407933757-0.09449803597378272j),0j,0j,0j,0j,0j,0j,0j,0j,0j,0j,0j,0j,0j,0j,0j,0j,0j,0j,0j,0j,0j,0j,0j,0j,0j,0j,0j,0j,0j,0j,0j,0j,0j,0j,0j,0j,0j,0j,0j,0j,0j,0j,0j,0j,0j,0j,0j,0j,0j,0j,0j,0j,0j,0j
0j,0j,0j,0j,0j,(0.1161244692114546+0.15332278912670183j),(0.8309450628393904+0.4844845702694385j),0j,0j,0j,(-0.04025701604328157+0.18293814411960296j),0j,0j,0j,0j,0j,0j,0j,0j,0j,0j,0j,0j,0j,0j,0j,0j,0j,0j,0j,0j,0j,0j,0j,0j,0j,0j,0j,0j,0j,0j,0j,0j,0j,0j,0j,0j,0j,0j,0j,0j,0j,0j,0j,0j,0j,0j,0j,0j,0j,0j,0j,0j,0j
0j,0j,0j,0j,0j,0j,0j,(-0.7721593203611978-0.605374525337548j),0j,0j,0j,(0.06202126240453242-0.18075839849648276j),0j,0j,0j,0j,0j,0j,0j,0j,0j,0j,0j,0j,0j,0j,0j,0j,0j,0j,0j,0j,0j,0j,0j,0j,0j,0j,0j,0j,0j,0j,0j,0j,0j,0j,0j,0j,0j,0j,0j,0j,0j,0j,0j,0j,0j,0j,0j,0j,0j,0j,0j,0j
0j,0j,0j,0j,(-0.08294804201306873-0.18009538314580245j),0j,0j,0j,(-0.4689962907365144+0.8377822658307564j),0j,0j,0j,0j,0j,0j,0j,(0.13970623165875068-0.13561904583661616j),0j,0j,0j,0j,0j,0j,0j,0j,0j,0j,0j,0j,0j,0j,0j,0j,0j,0j,0j,0j,0j,0j,0j,0j,0j,0j,0j,0j,0j,0j,0j,0j,0j,0j,0j,0j,0j,0j,0j,0j,0j,0j,0j,0j,0j,0j,0j
0j,0j,0j,0j,0j,(0.08613756949605983+0.1738331436859821j),0j,0j,0j,(0.49906075468055777-0.7982448531105886j),(-0.07325240826541818+0.1724783489194709j),0j,0j,0j,0j,0j,0j,(-0.1432706062770597+0.12619837432642353j),0j,0j,0j,0j,0j,0j,0j,0j,0j,0j,0j,0j,0j,0j,0j,0j,0j,0j,0j,0j,0j,0j,0j,0j,0j,0j,0j,0j,0j,0j,0j,0j,0j,0j,0j,0j,0j,0j,0j,0j,0j,0j,0j,0j,0j,0j
0j,0j,0j,0j,0j,0j,(0.13864707475105126-0.1254572671920084j),0j,0j,(-0.14507058620089425-0.12040212691964958j),(-0.7943287546096979-0.47153474453792477j),0j,(-0.04662301084569438+0.1844522615723491j),0j,0j,0j,0j,0j,(0.0544518938494735+0.1790179044508729j),0j,0j,0j,0j,0j,0j,0j,0j,0j,0j,0j,0j,0j,0j,0j,0j,0j,0j,0j,0j,0j,0j,0j,0j,0j,0j,0j,0j,0j,0j,0j,0j,0j,0j,0j,0j,0j,0j,0j,0j,0j,0j,0j,0j,0j
0j,0j,0j,0j,0j,0j,0j,(-0.15569869531930966+0.11048039536214269j),0j,0j,0j,(0.7611602886873552+0.5557306404208704j),0j,(-0.04171873624072263-0.18665278938107524j),0j,0j,0j,0j,0j,(-0.037573508980208385-0.1871579511647039j),0j,0j,0j,0j,0j,0j,0j,0j,0j,0j,0j,0j,0j,0j,0j,0j,0j,0j,0j,0j,0j,0j,0j,0j,0j,0j,0j,0j,0j,0j,0j,0j,0j,0j,0j,0j,0j,0j,0j,0j,0j,0j,0j,0j
0j,0j,0j,0j,0j,0j,0j,0j,0j,0j,(-0.03793057295255439+0.18739239764501872j),0j,(-0.9580455114013339+0.07846706645052925j),0j,0j,0j,0j,0j,0j,0j,(0.1460015800107127-0.12273706578558678j),0j,0j,0j,0j,0j,0j,0j,0j,0j,0j,0j,0j,0j,0j,0j,0j,0j,0j,0j,0j,0j,0j,0j,0j,0j,0j,0j,0j,0j,0j,0j,0j,0j,0j,0j,0j,0j,0j,0j,0j,0j,0j,0j
0j,0j,0j,0j,0j,0j,0j,0j,0j,0j,0j,(0.11599717452614813-0.15148396461581107j),0j,(0.9252245081288931-0.17680371622704277j),(-0.09837008218095217+0.16549052357069757j),0j,0j,0j,0j,0j,0j,(-0.13022096324932295+0.13408495259110564j),0j,0j,0j,0j,0j,0j,0j,0j,0j,0j,0j,0j,0j,0j,0j,0j,0j,0j,0j,0j,0j,0j,0j,0j,0j,0j,0j,0j,0j,0j,0j,0j,0j,0j,0j,0j,0j,0j,0j,0j,0j,0j
0j,0j,0j,0j,0j,0j,0j,0j,0j,0j,0j,0j,0j,(-0.06190451177573363-0.1818813932799378j),(-0.8853558033231685-0.3740864311361518j),0j,0j,0j,0j,0j,0j,0j,(0.18509686424957464+0.04592970635262435j),0j,0j,0j,0j,0j,0j,0j,0j,0j,0j,0j,0j,0j,0j,0j,0j,0j,0j,0j,0j,0j,0j,0j,0j,0j,0j,0j,0j,0j,0j,0j,0j,0j,0j,0j,0j,0j,0j,0j,0j,0j
0j,0j,0j,0j,0j,0j,0j,0j,0j,0j,0j,0j,0j,0j,0j,(0.8423366811895623+0.5016277066315801j),0j,0j,0j,0j,0j,0j,0j,(-0.1807382752765437-0.07191673428006945j),0j,0j,0j,0j,0j,0j,0j,0j,0j,0j,0j,0j,0j,0j,0j,0j,0j,0j,0j,0j,0j,0j,0j,0j,0j,0j,0j,0j,0j,0j,0j,0j,0j,0j,0j,0j,0j,0j,0j,0j
0j,0j,0j,0j,0j,0j,0j,0j,(0.17195187152243166+0.09256309572486228j),0j,0j,0j,0j,0j,0j,0j,(0.679499299875583+0.6790443517441817j),0j,0j,0j,0j,0j,0j,0j,0j,0j,0j,0j,0j,0j,0j,0j,(-0.10307966802933123-0.16720283058234348j),0j,0j,0j,0j,0j,0j,0j,0j,0j,0j,0j,0j,0j,0j,0j,0j,0j,0j,0j,0j,0j,0j,0j,0j,0j,0j,0j,0j,0j,0j,0j
0j,0j,0j,0j,0j,0j,0j,0j,0j,(-0.16416055114694703-0.09875942693943364j),0j,0j,0j,0j,0j,0j,0j,(-0.632588998842025-0.6974671583088895j),(0.08156474080266518+0.1702522790794376j),0j,0j,0j,0j,0j,0j,0j,0j,0j,0j,0j,0j,0j,0j,(0.09278612361725355+0.1686697676967623j),0j,0j,0j,0j,0j,0j,0j,0j,0j,0j,0j,0j,0j,0j,0j,0j,0j,0j,0j,0j,0j,0j,0j,0j,0j,0j,0j,0j,0j,0j
0j,0j,0j,0j,0j,0j,0j,0j,0j,0j,(-0.0921095253942652+0.16354728366913035j),0j,0j,0j,0j,0j,0j,(-0.15628138176757222+0.10731394253358897j),(-0.8787443972443602+0.28193349669642764j),0j,(0.17281976665152085-0.07013125030270448j),0j,0j,0j,0j,0j,0j,0j,0j,0j,0j,0j,0j,0j,(0.18824911554810392-0.01397433493561959j),0j,0j,0j,0j,0j,0j,0j,0j,0j,0j,0j,0j,0j,0j,0j,0j,0j,0j,0j,0j,0j,0j,0j,0j,0j,0j,0j,0j,0j
0j,0j,0j,0j,0j,0j,0j,0j,0j,0j,0j,(0.1094121998151522-0.15721885203737918j),0j,0j,0j,0j,0j,0j,0j,(0.9205267664300036-0.1992409772484003j),0j,(-0.12400038669645487+0.1402986543701098j),0j,0j,0j,0j,0j,0j,0j,0j,0j,0j,0j,0j,0j,(-0.19256596359876088-0.0043631561445445135j),0j,0j,0j,0j,0j,0j,0j,0j,0j,0j,0j,0j,0j,0j,0j,0j,0j,0j,0j,0j,0j,0j,0j,0j,0j,0j,0j,0j
0j,0j,0j,0j,0j,0j,0j,0j,0j,0j,0j,0j,(-0.039272628451694214+0.18752617146581424j),0j,0j,0j,0j,0j,(0.06164180340803985+0.1770210975162735j),0j,(0.36183940799538233+0.8500365919752205j),0j,0j,0j,(-0.05027323397142495+0.17864464318111686j),0j,0j,0j,0j,0j,0j,0j,0j,0j,0j,0j,(-0.002426753078904592-0.18865269966747558j),0j,0j,0j,0j,0j,0j,0j,0j,0j,0j,0j,0j,0j,0j,0j,0j,0j,0j,0j,0j,0j,0j,0j,0j,0j,0j,0j
0j,0j,0j,0j,0j,0j,0j,0j,0j,0j,0j,0j,0j,(0.01856741989723303-0.18684493161148566j),0j,0j,0j,0j,0j,(0.022346359716629786-0.18560072582622078j),0j,(-0.4376057927426103-0.7916939946985281j),(0.14557972862134597+0.11449111652641664j),0j,0j,(0.04579505271734143-0.1794225858276565j),0j,0j,0j,0j,0j,0j,0j,0j,0j,0j,0j,(0.021314219174270677+0.1834767475443827j),0j,0j,0j,0j,0j,0j,0j,0j,0j,0j,0j,0j,0j,0j,0j,0j,0j,0j,0j,0j,0j,0j,0j,0j,0j,0j
0j,0j,0j,0j,0j,0j,0j,0j,0j,0j,0j,0j,0j,0j,(-0.12146128817434172+0.1481631866103133j),0j,0j,0j,0j,0j,0j,(-0.14783275438857343+0.11078661185646596j),(-0.46779119246969175+0.7947360505778474j),0j,0j,0j,(-0.19076969729146676+0.005992792297016736j),0j,0j,0j,0j,0j,0j,0j,0j,0j,0j,0j,(0.1504026236219708-0.11353907831425752j),0j,0j,0j,0j,0j,0j,0j,0j,0j,0j,0j,0j,0j,0j,0j,0j,0j,0j,0j,0j,0j,0j,0j,0j,0j
0j,0j,0j,0j,0j,0j,0j,0j,0j,0j,0j,0j,0j,0j,0j,(0.14362500294496672-0.13247073703896825j),0j,0j,0j,0j,0j,0j,0j,(0.5839127723446497-0.7378108898986717j),0j,0j,0j,(0.1932076213615888+0.015740916557563375j),0j,0j,0j,0j,0j,0j,0j,0j,0j,0j,0j,(-0.16788020212388555+0.09377212600649795j),0j,0j,0j,0j,0j,0j,0j,0j,0j,0j,0j,0j,0j,0j,0j,0j,0j,0j,0j,0j,0j,0j,0j,0j
0j,0j,0j,0j,0j,0j,0j,0j,0j,0j,0j,0j,0j,0j,0j,0j,0j,0j,0j,0j,(0.14083650617828275-0.12131186019254683j),0j,0j,0j,(-0.9619291744835226+0.02043698624953888j),0j,0j,0j,0j,0j,0j,0j,0j,0j,0j,0j,0j,0j,0j,0j,(0.1757008799201072+0.08007060916056515j),0j,0j,0j,0j,0j,0j,0j,0j,0j,0j,0j,0j,0j,0j,0j,0j,0j,0j,0j,0j,0j,0j,0j
0j,0j,0j,0j,0j,0j,0j,0j,0j,0j,0j,0j,0j,0j,0j,0j,0j,0j,0j,0j,0j,(-0.13730675712770618+0.12462159999956661j),0j,0j,0j,(0.9423250289752155+0.02608812186700859j),(-0.18590449406664164+0.02437989790331122j),0j,0j,0j,0j,0j,0j,0j,0j,0j,0j,0j,0j,0j,0j,(-0.16807734645559735-0.08683431069932623j),0j,0j,0j,0j,0j,0j,0j,0j,0j,0j,0j,0j,0j,0j,0j,0j,0j,0j,0j,0j,0j,0j
0j,0j,0j,0j,0j,0j,0j,0j,0j,0j,0j,0j,0j,0j,0j,0j,0j,0j,0j,0j,0j,0j,(0.16093510529005647+0.1025287090072517j),0j,0j,(0.03034133264388518-0.18616342880353437j),(0.0035394486245394208-0.9224793913589102j),0j,(-0.18294191892062167+0.052334187628320664j),0j,0j,0j,0j,0j,0j,0j,0j,0j,0j,0j,0j,0j,(-0.08146405829267535+0.16622223246056386j),0j,0j,0j,0j,0j,0j,0j,0j,0j,0j,0j,0j,0j,0j,0j,0j,0j,0j,0j,0j,0j
0j,0j,0j,0j,0j,0j,0j,0j,0j,0j,0j,0j,0j,0j,0j,0j,0j,0j,0j,0j,0j,0j,0j,(-0.14995129266283103-0.12295449266375438j),0j,0j,0j,(-0.09280790555213575+0.9367954398154078j),0j,(0.14034305451629264-0.12986238496647393j),0j,0j,0j,0j,0j,0j,0j,0j,0j,0j,0j,0j,0j,(0.09878246917527524-0.16099662425497635j),0j,0j,0j,0j,0j,0j,0j,0j,0j,0j,0j,0j,0j,0j,0j,0j,0j,0j,0j,0j
0j,0j,0j,0j,0j,0j,0j,0j,0j,0j,0j,0j,0j,0j,0j,0j,0j,0j,0j,0j,0j,0j,0j,0j,0j,0j,(-0.18120303014497846+0.06106544684274919j),0j,(-0.5478326360451007-0.7897205274520585j),0j,0j,0j,0j,0j,0j,0j,0j,0j,0j,0j,0j,0j,0j,0j,(0.00021020459944102494+0.19310041930573016j),0j,0j,0j,0j,0j,0j,0j,0j,0j,0j,0j,0j,0j,0j,0j,0j,0j,0j,0j
0j,0j,0j,0j,0j,0j,0j,0j,0j,0j,0j,0j,0j,0j,0j,0j,0j,0j,0j,0j,0j,0j,0j,0j,0j,0j,0j,(0.18915465086705294+0.02457754540040858j),0j,(0.6163553968134288+0.7121595868175119j),(-0.19259870728203107-0.002115847011374218j),0j,0j,0j,0j,0j,0j,0j,0j,0j,0j,0j,0j,0j,0j,(-0.02041411612684927-0.18811087239280586j),0j,0j,0j,0j,0j,0j,0j,0j,0j,0j,0j,0j,0j,0j,0j,0j,0j,0j
0j,0j,0j,0j,0j,0j,0j,0j,0j,0j,0j,0j,0j,0j,0j,0j,0j,0j,0j,0j,0j,0j,0j,0j,0j,0j,0j,0j,0j,(0.12655236473438722-0.14469753268892888j),(-0.11998489241369331-0.9535013278723831j),0j,0j,0j,0j,0j,0j,0j,0j,0j,0j,0j,0j,0j,0j,0j,(-0.08959503573962056+0.17095349322376577j),0j,0j,0j,0j,0j,0j,0j,0j,0j,0j,0j,0j,0j,0j,0j,0j,0j
0j,0j,0j,0j,0j,0j,0j,0j,0j,0j,0j,0j,0j,0j,0j,0j,0j,0j,0j,0j,0j,0j,0j,0j,0j,0j,0j,0j,0j,0j,0j,(-0.012016635498436457+0.980215128506939j),0j,0j,0j,0j,0j,0j,0j,0j,0j,0j,0j,0j,0j,0j,0j,(0.11438820199435917-0.1601949393658459j),0j,0j,0j,0j,0j,0j,0j,0j,0j,0j,0j,0j,0j,0j,0j,0j
0j,0j,0j,0j,0j,0j,0j,0j,0j,0j,0j,0j,0j,0j,0j,0j,(0.1154043424050257-0.15985310226227986j),0j,0j,0j,0j,0j,0j,0j,0j,0j,0j,0j,0j,0j,0j,0j,(0.7432198241131528-0.6390951101529109j),0j,0j,0j,0j,0j,0j,0j,0j,0j,0j,0j,0j,0j,0j,0j,0j,0j,0j,0j,0j,0j,0j,0j,0j,0j,0j,0j,0j,0j,0j,0j
0j,0j,0j,0j,0j,0j,0j,0j,0j,0j,0j,0j,0j,0j,0j,0j,0j,(-0.12076349440199577+0.15087671036773734j),0j,0j,0j,0j,0j,0j,0j,0j,0j,0j,0j,0j,0j,0j,0j,(-0.7590320191166976+0.589179660590433j),(0.1799960370090257-0.06809820534058574j),0j,0j,0j,0j,0j,0j,0j,0j,0j,0j,0j,0j,0j,0j,0j,0j,0j,0j,0j,0j,0j,0j,0j,0j,0j,0j,0j,0j,0j
0j,0j,0j,0j,0j,0j,0j,0j,0j,0j,0j,0j,0j,0j,0j,0j,0j,0j,(0.08510059283208822+0.16928398723805468j),0j,0j,0j,0j,0j,0j,0j,0j,0j,0j,0j,0j,0j,0j,(0.09722417793651167+0.1670895416304985j),(0.2124228843454651+0.9174508365910851j),0j,(-0.026208330118220692-0.1884640161712135j),0j,0j,0j,0j,0j,0j,0j,0j,0j,0j,0j,0j,0j,0j,0j,0j,0j,0j,0j,0j,0j,0j,0j,0j,0j,0j,0j
0j,0j,0j,0j,0j,0j,0j,0j,0j,0j,0j,0j,0j,0j,0j,0j,0j,0j,0j,(-0.06980068723316095-0.180329719306417j),0j,0j,0j,0j,0j,0j,0j,0j,0j,0j,0j,0j,0j,0j,0j,(-0.1260519550975452-0.9527461329878392j),0j,(0.1081465848401232+0.15750363506395537j),0j,0j,0j,0j,0j,0j,0j,0j,0j,0j,0j,0j,0j,0j,0j,0j,0j,0j,0j,0j,0j,0j,0j,0j,0j,0j
0j,0j,0j,0j,0j,0j,0j,0j,0j,0j,0j,0j,0j,0j,0j,0j,0j,0j,0j,0j,(0.15903300142223142-0.10243133738516437j),0j,0j,0j,0j,0j,0j,0j,0j,0j,0j,0j,0j,0j,(0.18420016443837262-0.051637271679392575j),0j,(0.9262336205921181-0.16899898656214843j),0j,0j,0j,(0.14897529571368048+0.12273387891066764j),0j,0j,0j,0j,0j,0j,0j,0j,0j,0j,0j,0j,0j,0j,0j,0j,0j,0j,0j,0j,0j,0j,0j
0j,0j,0j,0j,0j,0j,0j,0j,0j,0j,0j,0j,0j,0j,0j,0j,0j,0j,0j,0j,0j,(-0.14465162105350132+0.11581728930275875j),0j,0j,0j,0j,0j,0j,0j,0j,0j,0j,0j,0j,0j,(-0.18766703568564747-0.03448816151880471j),0j,(-0.8854237880826842+0.25813183095673325j),(0.14760909784952939-0.11806252311761253j),0j,0j,(-0.15021541738675137-0.11741116255851568j),0j,0j,0j,0j,0j,0j,0j,0j,0j,0j,0j,0j,0j,0j,0j,0j,0j,0j,0j,0j,0j,0j
0j,0j,0j,0j,0j,0j,0j,0j,0j,0j,0j,0j,0j,0j,0j,0j,0j,0j,0j,0j,0j,0j,(0.17676539253929302+0.06775162244170836j),0j,0j,0j,0j,0j,0j,0j,0j,0j,0j,0j,0j,0j,0j,(0.07744638921675208+0.17200335590344926j),(0.6826195757598529+0.6493055120598137j),0j,0j,0j,(-0.06913950598566658+0.17417826747073326j),0j,0j,0j,0j,0j,0j,0j,0j,0j,0j,0j,0j,0j,0j,0j,0j,0j,0j,0j,0j,0j
0j,0j,0j,0j,0j,0j,0j,0j,0j,0j,0j,0j,0j,0j,0j,0j,0j,0j,0j,0j,0j,0j,0j,(-0.16921110638798786-0.09308836432860453j),0j,0j,0j,0j,0j,0j,0j,0j,0j,0j,0j,0j,0j,0j,0j,(-0.5997106253352383-0.7511417908287007j),0j,0j,0j,(0.09043887968858803-0.16771095218097143j),0j,0j,0j,0j,0j,0j,0j,0j,0j,0j,0j,0j,0j,0j,0j,0j,0j,0j,0j,0j
0j,0j,0j,0j,0j,0j,0j,0j,0j,0j,0j,0j,0j,0j,0j,0j,0j,0j,0j,0j,0j,0j,0j,0j,(-0.02621181535885144+0.19030532562180383j),0j,0j,0j,0j,0j,0j,0j,0j,0j,0j,0j,(-0.05362712270057712-0.1854308875239443j),0j,0j,0j,(-0.522162886265103+0.782965880937016j),0j,0j,0j,0j,0j,0j,0j,(0.1377108564139691-0.13872035563064394j),0j,0j,0j,0j,0j,0j,0j,0j,0j,0j,0j,0j,0j,0j,0j
0j,0j,0j,0j,0j,0j,0j,0j,0j,0j,0j,0j,0j,0j,0j,0j,0j,0j,0j,0j,0j,0j,0j,0j,0j,(0.034892072633868024-0.18503958145608798j),0j,0j,0j,0j,0j,0j,0j,0j,0j,0j,0j,(0.058018757050566035+0.1816198881743493j),0j,0j,0j,(0.5493508407281789-0.7409714178491381j),(-0.08612343880692185+0.16212524407088036j),0j,0j,0j,0j,0j,0j,(-0.14165298216540784+0.12911340936992477j),0j,0j,0j,0j,0j,0j,0j,0j,0j,0j,0j,0j,0j,0j
0j,0j,0j,0j,0j,0j,0j,0j,0j,0j,0j,0j,0j,0j,0j,0j,0j,0j,0j,0j,0j,0j,0j,0j,0j,0j,(-0.18192459081140672-0.030560889309190615j),0j,0j,0j,0j,0j,0j,0j,0j,0j,0j,0j,(0.1568496285812333-0.10196358300399884j),0j,0j,(-0.13259243059633702-0.12862767379961398j),(-0.7357339217515857-0.526013524116431j),0j,(-0.08906501033788441+0.16374297613157357j),0j,0j,0j,0j,0j,(0.05670280728125371+0.17908532503382482j),0j,0j,0j,0j,0j,0j,0j,0j,0j,0j,0j,0j,0j
0j,0j,0j,0j,0j,0j,0j,0j,0j,0j,0j,0j,0j,0j,0j,0j,0j,0j,0j,0j,0j,0j,0j,0j,0j,0j,0j,(0.18188299721494738+0.04858274452129923j),0j,0j,0j,0j,0j,0j,0j,0j,0j,0j,0j,(-0.1704231926889035+0.08477458393621753j),0j,0j,0j,(0.6968840926264558+0.6050226136041132j),0j,(0.005506640122260209-0.18736559330543778j),0j,0j,0j,0j,0j,(-0.040002461489265485-0.18741428267613916j),0j,0j,0j,0j,0j,0j,0j,0j,0j,0j,0j,0j
0j,0j,0j,0j,0j,0j,0j,0j,0j,0j,0j,0j,0j,0j,0j,0j,0j,0j,0j,0j,0j,0j,0j,0j,0j,0j,0j,0j,(-0.1724732569904477+0.08512820991734864j),0j,0j,0j,0j,0j,0j,0j,0j,0j,0j,0j,0j,0j,(-0.049333361666628606+0.1807507074936586j),0j,(-0.931470196124258-0.13993441801611656j),0j,0j,0j,0j,0j,0j,0j,(0.16168274379306372-0.10259210556624761j),0j,0j,0j,0j,0j,0j,0j,0j,0j,0j,0j
0j,0j,0j,0j,0j,0j,0j,0j,0j,0j,0j,0j,0j,0j,0j,0j,0j,0j,0j,0j,0j,0j,0j,0j,0j,0j,0j,0j,0j,(0.15917616103856408-0.10099579024679331j),0j,0j,0j,0j,0j,0j,0j,0j,0j,0j,0j,0j,0j,(0.12346433676343316-0.1404482668585548j),0j,(0.922199962820286+0.03884379162984506j),(-0.13202400379417134+0.13487359189276502j),0j,0j,0j,0j,0j,0j,(-0.14748096339986758+0.11596917337103729j),0j,0j,0j,0j,0j,0j,0j,0j,0j,0j
0j,0j,0j,0j,0j,0j,0j,0j,0j,0j,0j,0j,0j,0j,0j,0j,0j,0j,0j,0j,0j,0j,0j,0j,0j,0j,0j,0j,0j,0j,(-0.19221469041594205-0.005094383224559774j),0j,0j,0j,0j,0j,0j,0j,0j,0j,0j,0j,0j,0j,0j,(-0.018487633929758246-0.18747540298572177j),(-0.7572921462136448-0.5599491470891622j),0j,0j,0j,0j,0j,0j,0j,(0.17755643241853356+0.07154511237916159j),0j,0j,0j,0j,0j,0j,0j,0j,0j
0j,0j,0j,0j,0j,0j,0j,0j,0j,0j,0j,0j,0j,0j,0j,0j,0j,0j,0j,0j,0j,0j,0j,0j,0j,0j,0j,0j,0j,0j,0j,(0.19344977560656657+0.03196885971291337j),0j,0j,0j,0j,0j,0j,0j,0j,0j,0j,0j,0j,0j,0j,0j,(0.6871130158980282+0.6714406533560568j),0j,0j,0j,0j,0j,0j,0j,(-0.16967316551565076-0.09667759469735734j),0j,0j,0j,0j,0j,0j,0j,0j
0j,0j,0j,0j,0j,0j,0j,0j,0j,0j,0j,0j,0j,0j,0j,0j,0j,0j,0j,0j,0j,0j,0j,0j,0j,0j,0j,0j,0j,0j,0j,0j,0j,0j,0j,0j,0j,0j,0j,0j,(0.18488576284293834+0.06055581498400096j),0j,0j,0j,0j,0j,0j,0j,(0.8555342300388424+0.4787258286093573j),0j,0j,0j,0j,0j,0j,0j,0j,0j,0j,0j,0j,0j,0j,0j
0j,0j,0j,0j,0j,0j,0j,0j,0j,0j,0j,0j,0j,0j,0j,0j,0j,0j,0j,0j,0j,0j,0j,0j,0j,0j,0j,0j,0j,0j,0j,0j,0j,0j,0j,0j,0j,0j,0j,0j,0j,(-0.17821062337758445-0.06822943331486372j),0j,0j,0j,0j,0j,0j,0j,(-0.8138357532015528-0.5110149429747476j),(0.1258670423770037+0.1457960305461136j),0j,0j,0j,0j,0j,0j,0j,0j,0j,0j,0j,0j,0j
0j,0j,0j,0j,0j,0j,0j,0j,0j,0j,0j,0j,0j,0j,0j,0j,0j,0j,0j,0j,0j,0j,0j,0j,0j,0j,0j,0j,0j,0j,0j,0j,0j,0j,0j,0j,0j,0j,0j,0j,0j,0j,(-0.06279663205518993+0.17610899371585495j),0j,0j,0j,0j,0j,0j,(-0.12370447812882115+0.14874563592439483j),(-0.788761942234661+0.514699850053751j),0j,(0.16803779912692818-0.0893878232144173j),0j,0j,0j,0j,0j,0j,0j,0j,0j,0j,0j
0j,0j,0j,0j,0j,0j,0j,0j,0j,0j,0j,0j,0j,0j,0j,0j,0j,0j,0j,0j,0j,0j,0j,0j,0j,0j,0j,0j,0j,0j,0j,0j,0j,0j,0j,0j,0j,0j,0j,0j,0j,0j,0j,(0.08075726126319611-0.17287766028280754j),0j,0j,0j,0j,0j,0j,0j,(0.8518151574596614-0.4453405857088214j),0j,(-0.1108099959636171+0.15566283909764228j),0j,0j,0j,0j,0j,0j,0j,0j,0j,0j
0j,0j,0j,0j,0j,0j,0j,0j,0j,0j,0j,0j,0j,0j,0j,0j,0j,0j,0j,0j,0j,0j,0j,0j,0j,0j,0j,0j,0j,0j,0j,0j,0j,0j,0j,0j,0j,0j,0j,0j,0j,0j,0j,0j,(-0.0343047991103841+0.18776118533774316j),0j,0j,0j,0j,0j,(0.11147730377742103+0.15551674801017568j),0j,(0.4723288011249825+0.8170697304444755j),0j,0j,0j,(-0.014580204452213984+0.18374680131095658j),0j,0j,0j,0j,0j,0j,0j
0j,0j,0j,0j,0j,0j,0j,0j,0j,0j,0j,0j,0j,0j,0j,0j,0j,0j,0j,0j,0j,0j,0j,0j,0j,0j,0j,0j,0j,0j,0j,0j,0j,0j,0j,0j,0j,0j,0j,0j,0j,0j,0j,0j,0j,(0.01370688232880506-0.18654058199970702j),0j,0j,0j,0j,0j,(-0.03160605283242477-0.18815540306291123j),0j,(-0.5416164804998076-0.7483058762375172j),(0.16103823842653403+0.09932600379874636j),0j,0j,(0.010400971140281103-0.18555334564391673j),0j,0j,0j,0j,0j,0j
0j,0j,0j,0j,0j,0j,0j,0j,0j,0j,0j,0j,0j,0j,0j,0j,0j,0j,0j,0j,0j,0j,0j,0j,0j,0j,0j,0j,0j,0j,0j,0j,0j,0j,0j,0j,0j,0j,0j,0j,0j,0j,0j,0j,0j,0j,(-0.11805021956154331+0.14995542092867156j),0j,0j,0j,0j,0j,0j,(-0.13602900381393385+0.1308514283406954j),(-0.3809585180172983+0.8604661308028214j),0j,0j,0j,(-0.19037040186908336+0.04238724471073985j),0j,0j,0j,0j,0j
0j,0j,0j,0j,0j,0j,0j,0j,0j,0j,0j,0j,0j,0j,0j,0j,0j,0j,0j,0j,0j,0j,0j,0j,0j,0j,0j,0j,0j,0j,0j,0j,0j,0j,0j,0j,0j,0j,0j,0j,0j,0j,0j,0j,0j,0j,0j,(0.14043516965165448-0.13478746588206547j),0j,0j,0j,0j,0j,0j,0j,(0.50503458272475-0.8168060025768451j),0j,0j,0j,(0.19620714938571843-0.020534830148912036j),0j,0j,0j,0j
0j,0j,0j,0j,0j,0j,0j,0j,0j,0j,0j,0j,0j,0j,0j,0j,0j,0j,0j,0j,0j,0j,0j,0j,0j,0j,0j,0j,0j,0j,0j,0j,0j,0j,0j,0j,0j,0j,0j,0j,0j,0j,0j,0j,0j,0j,0j,0j,0j,0j,0j,0j,(0.11325446580387956-0.14583475119304648j),0j,0j,0j,(-0.9411002243359843+0.28188600463064356j),0j,0j,0j,0j,0j,0j,0j
0j,0j,0j,0j,0j,0j,0j,0j,0j,0j,0j,0j,0j,0j,0j,0j,0j,0j,0j,0j,0j,0j,0j,0j,0j,0j,0j,0j,0j,0j,0j,0j,0j,0j,0j,0j,0j,0j,0j,0j,0j,0j,0j,0j,0j,0j,0j,0j,0j,0j,0j,0j,0j,(-0.11028884626691764+0.14993682504262937j),0j,0j,0j,(0.9344313219887059-0.2295091681422148j),(-0.17687619660420298+0.07303867076204486j),0j,0j,0j,0j,0j
0j,0j,0j,0j,0j,0j,0j,0j,0j,0j,0j,0j,0j,0j,0j,0j,0j,0j,0j,0j,0j,0j,0j,0j,0j,0j,0j,0j,0j,0j,0j,0j,0j,0j,0j,0j,0j,0j,0j,0j,0j,0j,0j,0j,0j,0j,0j,0j,0j,0j,0j,0j,0j,0j,(0.1813727993438816+0.07166097727756247j),0j,0j,(-0.020945210739363812-0.19140615942459627j),(-0.24133755252283567-0.9094428529628643j),0j,(-0.18048579535967732+0.07128179949656857j),0j,0j,0j
0j,0j,0j,0j,0j,0j,0j,0j,0j,0j,0j,0j,0j,0j,0j,0j,0j,0j,0j,0j,0j,0j,0j,0j,0j,0j,0j,0j,0j,0j,0j,0j,0j,0j,0j,0j,0j,0j,0j,0j,0j,0j,0j,0j,0j,0j,0j,0j,0j,0j,0j,0j,0j,0j,0j,(-0.17383965598035678-0.09336186949440976j),0j,0j,0j,(0.1577794048068668+0.9473156345494813j),0j,(0.1294394987358372-0.14594019243560816j),0j,0j
0j,0j,0j,0j,0j,0j,0j,0j,0j,0j,0j,0j,0j,0j,0j,0j,0j,0j,0j,0j,0j,0j,0j,0j,0j,0j,0j,0j,0j,0j,0j,0j,0j,0j,0j,0j,0j,0j,0j,0j,0j,0j,0j,0j,0j,0j,0j,0j,0j,0j,0j,0j,0j,0j,0j,0j,0j,0j,(-0.1603004369055131+0.11116451531210177j),0j,(-0.6492108503186885-0.7347115101767759j),0j,0j,0j
0j,0j,0j,0j,0j,0j,0j,0j,0j,0j,0j,0j,0j,0j,0j,0j,0j,0j,0j,0j,0j,0j,0j,0j,0j,0j,0j,0j,0j,0j,0j,0j,0j,0j,0j,0j,0j,0j,0j,0j,0j,0j,0j,0j,0j,0j,0j,0j,0j,0j,0j,0j,0j,0j,0j,0j,0j,0j,0j,(0.19241128794265894-0.029315778913225583j),0j,(0.7092870337736036+0.648061762215781j),(-0.19558617816962529+0.01934569418588991j),0j
0j,0j,0j,0j,0j,0j,0j,0j,0j,0j,0j,0j,0j,0j,0j,0j,0j,0j,0j,0j,0j,0j,0j,0j,0j,0j,0j,0j,0j,0j,0j,0j,0j,0j,0j,0j,0j,0j,0j,0j,0j,0j,0j,0j,0j,0j,0j,0j,0j,0j,0j,0j,0j,0j,0j,0j,0j,0j,0j,0j,0j,(0.11082953969220433-0.16189801339879784j),(-0.22951446819657237-0.9530768621722224j),0j
0j,0j,0j,0j,0j,0j,0j,0j,0j,0j,0j,0j,0j,0j,0j,0j,0j,0j,0j,0j,0j,0j,0j,0j,0j,0j,0j,0j,0j,0j,0j,0j,0j,0j,0j,0j,0j,0j,0j,0j,0j,0j,0j,0j,0j,0j,0j,0j,0j,0j,0j,0j,0j,0j,0j,0j,0j,0j,0j,0j,0j,0j,0j,(0.0988294319567698+0.9950843720708981j)
