(0.7316888688738205-0.6816387600233333j),0j,0j,0j,0j,0j,0j,0j,0j,0j,0j,0j,0j,0j,0j,0j,0j,0j,0j,0j,0j,0j,0j,0j,0j,0j,0j,0j,0j,0j,0j,0j,0j,0j,0j,0j,0j,0j,0j,0j,0j,0j,0j,0j,0j,0j,0j,0j,0j,0j,0j,0j,0j,0j,0j,0j,0j,0j,0j,0j,0j,0j,0j,0j
0j,(0.8818400562443015-0.4281447774707955j),0j,0j,0j,0j,0j,0j,0j,0j,0j,0j,0j,0j,0j,0j,0j,0j,0j,0j,0j,0j,0j,0j,0j,0j,0j,0j,0j,0j,0j,0j,(0.06105721104069792+0.18709376254121426j),0j,0j,0j,0j,0j,0j,0j,0j,0j,0j,0j,0j,0j,0j,0j,0j,0j,0j,0j,0j,0j,0j,0j,0j,0j,0j,0j,0j,0j,0j,0j
0j,0j,(-0.8818400562443021+0.42814477747079505j),0j,(0.05532553242969+0.18845690683524627j),0j,0j,0j,0j,0j,0j,0j,0j,0j,0j,0j,0j,0j,0j,0j,0j,0j,0j,0j,0j,0j,0j,0j,0j,0j,0j,0j,0j,0j,0j,0j,0j,0j,0j,0j,0j,0j,0j,0j,0j,0j,0j,0j,0j,0j,0j,0j,0j,0j,0j,0j,0j,0j,0j,0j,0j,0j,0j,0j
0j,0j,0j,(-0.9495800608813844+0.14738485006030522j),0j,(-0.002399063794075073+0.19252202210208869j),0j,0j,0j,0j,0j,0j,0j,0j,0j,0j,0j,0j,0j,0j,0j,0j,0j,0j,0j,0j,0j,0j,0j,0j,0j,0j,0j,0j,(-0.003364290307398583-0.19289439322692156j),0j,0j,0j,0j,0j,0j,0j,0j,0j,0j,0j,0j,0j,0j,0j,0j,0j,0j,0j,0j,0j,0j,0j,0j,0j,0j,0j,0j,0j
0j,0j,(0.061057211040697904+0.18709376254121432j),0j,(-0.9499881830749244+0.14159905913014287j),0j,0j,0j,(0.02330178734294741+0.19423049854378865j),0j,0j,0j,0j,0j,0j,0j,0j,0j,0j,0j,0j,0j,0j,0j,0j,0j,0j,0j,0j,0j,0j,0j,0j,0j,0j,0j,0j,0j,0j,0j,0j,0j,0j,0j,0j,0j,0j,0j,0j,0j,0j,0j,0j,0j,0j,0j,0j,0j,0j,0j,0j,0j,0j,0j
0j,0j,0j,(0.003364290307398584+0.19289439322692176j),0j,(-0.9309640054791354-0.14074433558719993j),0j,0j,0j,(-0.03406632503576029+0.18871585141137567j),0j,0j,0j,0j,0j,0j,0j,0j,0j,0j,0j,0j,0j,0j,0j,0j,0j,0j,0j,0j,0j,0j,0j,0j,0j,0j,(0.05343275941694535-0.1813184324138799j),0j,0j,0j,0j,0j,0j,0j,0j,0j,0j,0j,0j,0j,0j,0j,0j,0j,0j,0j,0j,0j,0j,0j,0j,0j,0j,0j
0j,0j,0j,0j,0j,0j,(0.8814684147420726-0.4300539126876434j),0j,0j,0j,(-0.029164515379271526-0.19090133975818635j),0j,0j,0j,0j,0j,0j,0j,0j,0j,0j,0j,0j,0j,0j,0j,0j,0j,0j,0j,0j,0j,0j,0j,0j,0j,0j,0j,0j,0j,0j,0j,0j,0j,0j,0j,0j,0j,0j,0j,0j,0j,0j,0j,0j,0j,0j,0j,0j,0j,0j,0j,0j,0j
0j,0j,0j,0j,0j,0j,0j,(0.9497812685528272-0.14928069501804278j),0j,0j,0j,(0.027614460744317212-0.1872839918751032j),0j,0j,0j,0j,0j,0j,0j,0j,0j,0j,0j,0j,0j,0j,0j,0j,0j,0j,0j,0j,0j,0j,0j,0j,0j,0j,(0.00373751053207377+0.19298679266411434j),0j,0j,0j,0j,0j,0j,0j,0j,0j,0j,0j,0j,0j,0j,0j,0j,0j,0j,0j,0j,0j,0j,0j,0j,0j
0j,0j,0j,0j,(0.035086117503887695+0.19325171040085554j),0j,0j,0j,(-0.949614623952148+0.1435240249598414j),0j,0j,0j,0j,0j,0j,0j,(0.02341831884492992+0.19421229122751227j),0j,0j,0j,0j,0j,0j,0j,0j,0j,0j,0j,0j,0j,0j,0j,0j,0j,0j,0j,0j,0j,0j,0j,0j,0j,0j,0j,0j,0j,0j,0j,0j,0j,0j,0j,0j,0j,0j,0j,0j,0j,0j,0j,0j,0j,0j,0j
0j,0j,0j,0j,0j,(-0.02274324000425292+0.19119002298239843j),0j,0j,0j,(-0.931177771675727-0.13878938022905887j),0j,0j,0j,0j,0j,0j,0j,(-0.0346343044825453+0.18859523019367128j),0j,0j,0j,0j,0j,0j,0j,0j,0j,0j,0j,0j,0j,0j,0j,0j,0j,0j,0j,0j,0j,0j,(0.05350094836711551-0.1812767909520531j),0j,0j,0j,0j,0j,0j,0j,0j,0j,0j,0j,0j,0j,0j,0j,0j,0j,0j,0j,0j,0j,0j,0j
0j,0j,0j,0j,0j,0j,(-0.02912569012898136-0.1909029811981423j),0j,0j,0j,(0.9302179479487042+0.14644369632257753j),0j,(-0.0032874941961338034-0.19289846211955664j),0j,0j,0j,0j,0j,(0.03463430448254528-0.18859523019367094j),0j,0j,0j,0j,0j,0j,0j,0j,0j,0j,0j,0j,0j,0j,0j,0j,0j,0j,0j,0j,0j,0j,0j,0j,0j,0j,0j,0j,0j,0j,0j,0j,0j,0j,0j,0j,0j,0j,0j,0j,0j,0j,0j,0j,0j
0j,0j,0j,0j,0j,0j,0j,(0.027652716703700037-0.18727387093399547j),0j,0j,0j,(0.8295529576597956+0.4049328928873644j),0j,(0.05243321554389189-0.1817104746679342j),0j,0j,0j,0j,0j,(0.08733443442977808-0.16643451245773055j),0j,0j,0j,0j,0j,0j,0j,0j,0j,0j,0j,0j,0j,0j,0j,0j,0j,0j,0j,0j,0j,0j,(-0.10358973073121934+0.15366899698516442j),0j,0j,0j,0j,0j,0j,0j,0j,0j,0j,0j,0j,0j,0j,0j,0j,0j,0j,0j,0j,0j
0j,0j,0j,0j,0j,0j,0j,0j,0j,0j,(0.0027050151574617314-0.1924928453315886j),0j,(0.9497886830866844-0.14932070377938994j),0j,0j,0j,0j,0j,0j,0j,(0.02797487489463089-0.1871542403057206j),0j,0j,0j,0j,0j,0j,0j,0j,0j,0j,0j,0j,0j,0j,0j,0j,0j,0j,0j,0j,0j,0j,0j,0j,0j,0j,0j,0j,0j,0j,0j,0j,0j,0j,0j,0j,0j,0j,0j,0j,0j,0j,0j
0j,0j,0j,0j,0j,0j,0j,0j,0j,0j,0j,(0.05793173500690496-0.17960534971092815j),0j,(0.9330198614766125+0.13341274441802423j),0j,0j,0j,0j,0j,0j,0j,(0.08064109470608916-0.16695020473228184j),0j,0j,0j,0j,0j,0j,0j,0j,0j,0j,0j,0j,0j,0j,0j,0j,0j,0j,0j,0j,0j,0j,(-0.052433215543891826+0.18171047466793405j),0j,0j,0j,0j,0j,0j,0j,0j,0j,0j,0j,0j,0j,0j,0j,0j,0j,0j,0j
0j,0j,0j,0j,0j,0j,0j,0j,0j,0j,0j,0j,0j,0j,(-0.8814687094771432+0.4300501888755413j),0j,0j,0j,0j,0j,0j,0j,(0.02924193917176327+0.19090154194444195j),0j,0j,0j,0j,0j,0j,0j,0j,0j,0j,0j,0j,0j,0j,0j,0j,0j,0j,0j,0j,0j,0j,0j,0j,0j,0j,0j,0j,0j,0j,0j,0j,0j,0j,0j,0j,0j,0j,0j,0j,0j
0j,0j,0j,0j,0j,0j,0j,0j,0j,0j,0j,0j,0j,0j,0j,(-0.9497886830866838+0.14932070377938994j),0j,0j,0j,0j,0j,0j,0j,(-0.028202826089111826+0.18710942666486338j),0j,0j,0j,0j,0j,0j,0j,0j,0j,0j,0j,0j,0j,0j,0j,0j,0j,0j,0j,0j,0j,0j,(-0.003287494196133798-0.1928984621195567j),0j,0j,0j,0j,0j,0j,0j,0j,0j,0j,0j,0j,0j,0j,0j,0j,0j
0j,0j,0j,0j,0j,0j,0j,0j,(0.03516309218758406+0.19323517020428185j),0j,0j,0j,0j,0j,0j,0j,(-0.9496146239521467+0.14352402495984143j),0j,0j,0j,0j,0j,0j,0j,0j,0j,0j,0j,0j,0j,0j,0j,(0.023301787342947383+0.19423049854378852j),0j,0j,0j,0j,0j,0j,0j,0j,0j,0j,0j,0j,0j,0j,0j,0j,0j,0j,0j,0j,0j,0j,0j,0j,0j,0j,0j,0j,0j,0j,0j
0j,0j,0j,0j,0j,0j,0j,0j,0j,(-0.023125111211526665+0.19112727994810483j),0j,0j,0j,0j,0j,0j,0j,(-0.9302179479487052-0.14644369632257756j),0j,0j,0j,0j,0j,0j,0j,0j,0j,0j,0j,0j,0j,0j,0j,(0.02916451537927155+0.1909013397581866j),0j,0j,0j,0j,0j,0j,0j,0j,0j,0j,0j,0j,0j,0j,(0.0027050151574617267-0.19249284533158875j),0j,0j,0j,0j,0j,0j,0j,0j,0j,0j,0j,0j,0j,0j,0j
0j,0j,0j,0j,0j,0j,0j,0j,0j,0j,(0.02312511121152665-0.19112727994810472j),0j,0j,0j,0j,0j,0j,0j,(0.931177771675726+0.13878938022905873j),0j,(0.05900462437836903-0.17918228065340877j),0j,0j,0j,0j,0j,0j,0j,0j,0j,0j,0j,0j,0j,(0.034066325035760264-0.18871585141137542j),0j,0j,0j,0j,0j,0j,0j,0j,0j,0j,0j,0j,0j,0j,0j,0j,0j,0j,0j,0j,0j,0j,0j,0j,0j,0j,0j,0j,0j
0j,0j,0j,0j,0j,0j,0j,0j,0j,0j,0j,(0.07708992808049758-0.17224767720035555j),0j,0j,0j,0j,0j,0j,0j,(0.8295529576597949+0.4049328928873638j),0j,(0.1081168352560815-0.15008552694009583j),0j,0j,0j,0j,0j,0j,0j,0j,0j,0j,0j,0j,0j,(0.027614460744317178-0.18728399187510322j),0j,0j,0j,0j,0j,0j,0j,0j,0j,0j,0j,0j,0j,0j,(-0.05793173500690492+0.1796053497109279j),0j,0j,0j,0j,0j,0j,0j,0j,0j,0j,0j,0j,0j
0j,0j,0j,0j,0j,0j,0j,0j,0j,0j,0j,0j,(0.02820282608911186-0.1871094266648635j),0j,0j,0j,0j,0j,(0.053500948367115525-0.18127679095205299j),0j,(0.8271811083260685+0.4100863964077907j),0j,0j,0j,(0.027715976277666553-0.18723105692566028j),0j,0j,0j,0j,0j,0j,0j,0j,0j,0j,0j,(0.08784026864621727-0.16616258178313692j),0j,0j,0j,0j,0j,0j,0j,0j,0j,0j,0j,0j,0j,0j,0j,0j,0j,0j,0j,0j,0j,0j,0j,0j,0j,0j,0j
0j,0j,0j,0j,0j,0j,0j,0j,0j,0j,0j,0j,0j,(0.08064109470608916-0.16695020473228186j),0j,0j,0j,0j,0j,(0.10358973073121927-0.1536689969851644j),0j,(0.6521801412301895+0.627855969575091j),0j,0j,0j,(0.08117276713003384-0.16673141206013772j),0j,0j,0j,0j,0j,0j,0j,0j,0j,0j,0j,(0.08135397401251118-0.16666293460535742j),0j,0j,0j,0j,0j,0j,0j,0j,0j,0j,0j,0j,0j,0j,(-0.10811683525608157+0.15008552694009603j),0j,0j,0j,0j,0j,0j,0j,0j,0j,0j,0j
0j,0j,0j,0j,0j,0j,0j,0j,0j,0j,0j,0j,0j,0j,(0.029241939171763244+0.1909015419444419j),0j,0j,0j,0j,0j,0j,0j,(-0.9304225560944375-0.1445284709986176j),0j,0j,0j,(-0.02283091701438101+0.1912185954967274j),0j,0j,0j,0j,0j,0j,0j,0j,0j,0j,0j,(-0.03437737231652332+0.18867660599824732j),0j,0j,0j,0j,0j,0j,0j,0j,0j,0j,0j,0j,0j,0j,0j,0j,0j,0j,0j,0j,0j,0j,0j,0j,0j
0j,0j,0j,0j,0j,0j,0j,0j,0j,0j,0j,0j,0j,0j,0j,(-0.027974874894630873+0.18715424030572053j),0j,0j,0j,0j,0j,0j,0j,(-0.8271811083260685-0.4100863964077905j),0j,0j,0j,(-0.07777550261626534+0.17190754515523093j),0j,0j,0j,0j,0j,0j,0j,0j,0j,0j,0j,(-0.027899417900724654+0.18717390891762933j),0j,0j,0j,0j,0j,0j,0j,0j,0j,0j,0j,0j,0j,0j,(0.059004624378369036-0.17918228065340902j),0j,0j,0j,0j,0j,0j,0j,0j,0j
0j,0j,0j,0j,0j,0j,0j,0j,0j,0j,0j,0j,0j,0j,0j,0j,0j,0j,0j,0j,(0.027899417900724657-0.18717390891762936j),0j,0j,0j,(0.9499927563539937-0.15121971354387112j),0j,0j,0j,0j,0j,0j,0j,0j,0j,0j,0j,0j,0j,0j,0j,(0.027715976277666532-0.18723105692566028j),0j,0j,0j,0j,0j,0j,0j,0j,0j,0j,0j,0j,0j,0j,0j,0j,0j,0j,0j,0j,0j,0j,0j
0j,0j,0j,0j,0j,0j,0j,0j,0j,0j,0j,0j,0j,0j,0j,0j,0j,0j,0j,0j,0j,(0.08135397401251114-0.16666293460535733j),0j,0j,0j,(0.9317234731708893+0.13898959573866j),0j,0j,0j,0j,0j,0j,0j,0j,0j,0j,0j,0j,0j,0j,0j,(0.022830917014380978-0.19121859549672746j),0j,0j,0j,0j,0j,0j,0j,0j,0j,0j,0j,0j,0j,0j,(-0.0020280961396053703+0.1926257657927073j),0j,0j,0j,0j,0j,0j,0j
0j,0j,0j,0j,0j,0j,0j,0j,0j,0j,0j,0j,0j,0j,0j,0j,0j,0j,0j,0j,0j,0j,(-0.0343773723165233+0.18867660599824732j),0j,0j,0j,(-0.9317234731708889-0.13898959573866015j),0j,(0.0037375105320737764+0.19298679266411428j),0j,0j,0j,0j,0j,0j,0j,0j,0j,0j,0j,0j,0j,(-0.0811727671300338+0.16673141206013756j),0j,0j,0j,0j,0j,0j,0j,0j,0j,0j,0j,0j,0j,0j,0j,0j,0j,0j,0j,0j,0j
0j,0j,0j,0j,0j,0j,0j,0j,0j,0j,0j,0j,0j,0j,0j,0j,0j,0j,0j,0j,0j,0j,0j,(-0.08784026864621725+0.1661625817831369j),0j,0j,0j,(-0.8290635869255562-0.40460565229762874j),0j,(-0.053432759416945294+0.1813184324138797j),0j,0j,0j,0j,0j,0j,0j,0j,0j,0j,0j,0j,0j,(-0.0777755026162653+0.17190754515523096j),0j,0j,0j,0j,0j,0j,0j,0j,0j,0j,0j,0j,0j,0j,(0.058710107979936504-0.17928030240551018j),0j,0j,0j,0j,0j
0j,0j,0j,0j,0j,0j,0j,0j,0j,0j,0j,0j,0j,0j,0j,0j,0j,0j,0j,0j,0j,0j,0j,0j,0j,0j,(-0.0020280961396053716+0.19262576579270743j),0j,(-0.949781268552827+0.1492806950180431j),0j,0j,0j,0j,0j,0j,0j,0j,0j,0j,0j,0j,0j,0j,0j,(-0.02765271670369999+0.18727387093399558j),0j,0j,0j,0j,0j,0j,0j,0j,0j,0j,0j,0j,0j,0j,0j,0j,0j,0j,0j
0j,0j,0j,0j,0j,0j,0j,0j,0j,0j,0j,0j,0j,0j,0j,0j,0j,0j,0j,0j,0j,0j,0j,0j,0j,0j,0j,(-0.05871010797993654+0.1792803024055101j),0j,(-0.9309640054791358-0.14074433558719995j),0j,0j,0j,0j,0j,0j,0j,0j,0j,0j,0j,0j,0j,0j,0j,(-0.022743240004252915+0.19119002298239862j),0j,0j,0j,0j,0j,0j,0j,0j,0j,0j,0j,0j,0j,0j,(0.002399063794075086-0.19252202210208888j),0j,0j,0j
0j,0j,0j,0j,0j,0j,0j,0j,0j,0j,0j,0j,0j,0j,0j,0j,0j,0j,0j,0j,0j,0j,0j,0j,0j,0j,0j,0j,0j,0j,(0.8814684147420724-0.4300539126876436j),0j,0j,0j,0j,0j,0j,0j,0j,0j,0j,0j,0j,0j,0j,0j,(-0.029125690128981394-0.19090298119814225j),0j,0j,0j,0j,0j,0j,0j,0j,0j,0j,0j,0j,0j,0j,0j,0j,0j
0j,0j,0j,0j,0j,0j,0j,0j,0j,0j,0j,0j,0j,0j,0j,0j,0j,0j,0j,0j,0j,0j,0j,0j,0j,0j,0j,0j,0j,0j,0j,(0.9499881830749252-0.1415990591301429j),0j,0j,0j,0j,0j,0j,0j,0j,0j,0j,0j,0j,0j,0j,0j,(-0.035086117503887675-0.19325171040085554j),0j,0j,0j,0j,0j,0j,0j,0j,0j,0j,0j,0j,0j,0j,(0.05532553242968999+0.18845690683524613j),0j
0j,(-0.055325532429689975-0.1884569068352461j),0j,0j,0j,0j,0j,0j,0j,0j,0j,0j,0j,0j,0j,0j,(0.035086117503887675+0.19325171040085556j),0j,0j,0j,0j,0j,0j,0j,0j,0j,0j,0j,0j,0j,0j,0j,(-0.9499881830749252+0.1415990591301429j),0j,0j,0j,0j,0j,0j,0j,0j,0j,0j,0j,0j,0j,0j,0j,0j,0j,0j,0j,0j,0j,0j,0j,0j,0j,0j,0j,0j,0j,0j,0j
0j,0j,0j,0j,0j,0j,0j,0j,0j,0j,0j,0j,0j,0j,0j,0j,0j,(0.02912569012898139+0.19090298119814225j),0j,0j,0j,0j,0j,0j,0j,0j,0j,0j,0j,0j,0j,0j,0j,(-0.8814684147420724+0.4300539126876436j),0j,0j,0j,0j,0j,0j,0j,0j,0j,0j,0j,0j,0j,0j,0j,0j,0j,0j,0j,0j,0j,0j,0j,0j,0j,0j,0j,0j,0j,0j
0j,0j,0j,(-0.002399063794075071+0.19252202210208869j),0j,0j,0j,0j,0j,0j,0j,0j,0j,0j,0j,0j,0j,0j,(0.02274324000425291-0.1911900229823986j),0j,0j,0j,0j,0j,0j,0j,0j,0j,0j,0j,0j,0j,0j,0j,(0.9309640054791358+0.14074433558719995j),0j,(0.05871010797993654-0.1792803024055101j),0j,0j,0j,0j,0j,0j,0j,0j,0j,0j,0j,0j,0j,0j,0j,0j,0j,0j,0j,0j,0j,0j,0j,0j,0j,0j,0j
0j,0j,0j,0j,0j,0j,0j,0j,0j,0j,0j,0j,0j,0j,0j,0j,0j,0j,0j,(0.027652716703700012-0.1872738709339955j),0j,0j,0j,0j,0j,0j,0j,0j,0j,0j,0j,0j,0j,0j,0j,(0.949781268552827-0.1492806950180431j),0j,(0.0020280961396053716-0.19262576579270743j),0j,0j,0j,0j,0j,0j,0j,0j,0j,0j,0j,0j,0j,0j,0j,0j,0j,0j,0j,0j,0j,0j,0j,0j,0j,0j
0j,0j,0j,0j,0j,(-0.058710107979936525+0.17928030240551024j),0j,0j,0j,0j,0j,0j,0j,0j,0j,0j,0j,0j,0j,0j,(0.07777550261626534-0.17190754515523096j),0j,0j,0j,0j,0j,0j,0j,0j,0j,0j,0j,0j,0j,(0.053432759416945294-0.1813184324138797j),0j,(0.8290635869255562+0.40460565229762874j),0j,0j,0j,(0.08784026864621729-0.16616258178313703j),0j,0j,0j,0j,0j,0j,0j,0j,0j,0j,0j,0j,0j,0j,0j,0j,0j,0j,0j,0j,0j,0j,0j
0j,0j,0j,0j,0j,0j,0j,0j,0j,0j,0j,0j,0j,0j,0j,0j,0j,0j,0j,0j,0j,(0.08117276713003384-0.16673141206013758j),0j,0j,0j,0j,0j,0j,0j,0j,0j,0j,0j,0j,0j,(-0.0037375105320737764-0.19298679266411428j),0j,(0.9317234731708889+0.13898959573866015j),0j,0j,0j,(0.0343773723165233-0.18867660599824734j),0j,0j,0j,0j,0j,0j,0j,0j,0j,0j,0j,0j,0j,0j,0j,0j,0j,0j,0j,0j,0j,0j
0j,0j,0j,0j,0j,0j,0j,(0.0020280961396053694-0.1926257657927073j),0j,0j,0j,0j,0j,0j,0j,0j,0j,0j,0j,0j,0j,0j,(-0.022830917014381+0.19121859549672743j),0j,0j,0j,0j,0j,0j,0j,0j,0j,0j,0j,0j,0j,0j,0j,(-0.9317234731708893-0.13898959573866j),0j,0j,0j,(-0.08135397401251114+0.16666293460535736j),0j,0j,0j,0j,0j,0j,0j,0j,0j,0j,0j,0j,0j,0j,0j,0j,0j,0j,0j,0j,0j
0j,0j,0j,0j,0j,0j,0j,0j,0j,0j,0j,0j,0j,0j,0j,0j,0j,0j,0j,0j,0j,0j,0j,(-0.027715976277666532+0.18723105692566022j),0j,0j,0j,0j,0j,0j,0j,0j,0j,0j,0j,0j,0j,0j,0j,(-0.9499927563539937+0.15121971354387112j),0j,0j,0j,(-0.027899417900724657+0.18717390891762936j),0j,0j,0j,0j,0j,0j,0j,0j,0j,0j,0j,0j,0j,0j,0j,0j,0j,0j,0j,0j
0j,0j,0j,0j,0j,0j,0j,0j,0j,(-0.059004624378369015+0.17918228065340894j),0j,0j,0j,0j,0j,0j,0j,0j,0j,0j,0j,0j,0j,0j,(0.02789941790072466-0.1871739089176293j),0j,0j,0j,0j,0j,0j,0j,0j,0j,0j,0j,(0.07777550261626531-0.171907545155231j),0j,0j,0j,(0.8271811083260685+0.4100863964077905j),0j,0j,0j,0j,0j,0j,0j,(0.02797487489463087-0.18715424030572053j),0j,0j,0j,0j,0j,0j,0j,0j,0j,0j,0j,0j,0j,0j,0j
0j,0j,0j,0j,0j,0j,0j,0j,0j,0j,0j,0j,0j,0j,0j,0j,0j,0j,0j,0j,0j,0j,0j,0j,0j,(0.03437737231652331-0.1886766059982474j),0j,0j,0j,0j,0j,0j,0j,0j,0j,0j,0j,(0.022830917014381006-0.19121859549672754j),0j,0j,0j,(0.9304225560944375+0.1445284709986176j),0j,0j,0j,0j,0j,0j,0j,(-0.029241939171763258-0.19090154194444187j),0j,0j,0j,0j,0j,0j,0j,0j,0j,0j,0j,0j,0j,0j
0j,0j,0j,0j,0j,0j,0j,0j,0j,0j,0j,(0.10811683525608161-0.15008552694009586j),0j,0j,0j,0j,0j,0j,0j,0j,0j,0j,0j,0j,0j,0j,(-0.08135397401251111+0.1666629346053574j),0j,0j,0j,0j,0j,0j,0j,0j,0j,0j,0j,(-0.08117276713003375+0.1667314120601377j),0j,0j,0j,(-0.6521801412301895-0.627855969575091j),0j,(-0.10358973073121927+0.1536689969851644j),0j,0j,0j,0j,0j,(-0.08064109470608917+0.16695020473228173j),0j,0j,0j,0j,0j,0j,0j,0j,0j,0j,0j,0j,0j
0j,0j,0j,0j,0j,0j,0j,0j,0j,0j,0j,0j,0j,0j,0j,0j,0j,0j,0j,0j,0j,0j,0j,0j,0j,0j,0j,(-0.0878402686462173+0.16616258178313698j),0j,0j,0j,0j,0j,0j,0j,0j,0j,0j,0j,(-0.02771597627766652+0.18723105692566022j),0j,0j,0j,(-0.8271811083260685-0.4100863964077907j),0j,(-0.053500948367115525+0.18127679095205299j),0j,0j,0j,0j,0j,(-0.028202826089111878+0.18710942666486352j),0j,0j,0j,0j,0j,0j,0j,0j,0j,0j,0j,0j
0j,0j,0j,0j,0j,0j,0j,0j,0j,0j,0j,0j,0j,(0.057931735006904954-0.17960534971092812j),0j,0j,0j,0j,0j,0j,0j,0j,0j,0j,0j,0j,0j,0j,(-0.027614460744317167+0.18728399187510306j),0j,0j,0j,0j,0j,0j,0j,0j,0j,0j,0j,0j,0j,(-0.1081168352560815+0.15008552694009583j),0j,(-0.8295529576597949-0.4049328928873638j),0j,0j,0j,0j,0j,0j,0j,(-0.07708992808049751+0.17224767720035558j),0j,0j,0j,0j,0j,0j,0j,0j,0j,0j,0j
0j,0j,0j,0j,0j,0j,0j,0j,0j,0j,0j,0j,0j,0j,0j,0j,0j,0j,0j,0j,0j,0j,0j,0j,0j,0j,0j,0j,0j,(-0.034066325035760285+0.18871585141137553j),0j,0j,0j,0j,0j,0j,0j,0j,0j,0j,0j,0j,0j,(-0.05900462437836903+0.17918228065340877j),0j,(-0.931177771675726-0.13878938022905873j),0j,0j,0j,0j,0j,0j,0j,(-0.023125111211526654+0.1911272799481047j),0j,0j,0j,0j,0j,0j,0j,0j,0j,0j
0j,0j,0j,0j,0j,0j,0j,0j,0j,0j,0j,0j,0j,0j,0j,(-0.002705015157461728+0.19249284533158872j),0j,0j,0j,0j,0j,0j,0j,0j,0j,0j,0j,0j,0j,0j,(-0.02916451537927155-0.19090133975818668j),0j,0j,0j,0j,0j,0j,0j,0j,0j,0j,0j,0j,0j,0j,0j,(0.9302179479487052+0.14644369632257756j),0j,0j,0j,0j,0j,0j,0j,(0.023125111211526644-0.19112727994810477j),0j,0j,0j,0j,0j,0j,0j,0j,0j
0j,0j,0j,0j,0j,0j,0j,0j,0j,0j,0j,0j,0j,0j,0j,0j,0j,0j,0j,0j,0j,0j,0j,0j,0j,0j,0j,0j,0j,0j,0j,(-0.02330178734294737-0.19423049854378854j),0j,0j,0j,0j,0j,0j,0j,0j,0j,0j,0j,0j,0j,0j,0j,(0.9496146239521467-0.14352402495984143j),0j,0j,0j,0j,0j,0j,0j,(-0.03516309218758405-0.19323517020428185j),0j,0j,0j,0j,0j,0j,0j,0j
0j,0j,0j,0j,0j,0j,0j,0j,0j,0j,0j,0j,0j,0j,0j,0j,0j,(0.003287494196133803+0.19289846211955675j),0j,0j,0j,0j,0j,0j,0j,0j,0j,0j,0j,0j,0j,0j,0j,0j,0j,0j,0j,0j,0j,0j,(0.028202826089111833-0.18710942666486347j),0j,0j,0j,0j,0j,0j,0j,(0.9497886830866838-0.14932070377938994j),0j,0j,0j,0j,0j,0j,0j,0j,0j,0j,0j,0j,0j,0j,0j
0j,0j,0j,0j,0j,0j,0j,0j,0j,0j,0j,0j,0j,0j,0j,0j,0j,0j,0j,0j,0j,0j,0j,0j,0j,0j,0j,0j,0j,0j,0j,0j,0j,0j,0j,0j,0j,0j,0j,0j,0j,(-0.02924193917176328-0.19090154194444198j),0j,0j,0j,0j,0j,0j,0j,(0.8814687094771432-0.4300501888755413j),0j,0j,0j,0j,0j,0j,0j,0j,0j,0j,0j,0j,0j,0j
0j,0j,0j,0j,0j,0j,0j,0j,0j,0j,0j,0j,0j,0j,0j,0j,0j,0j,0j,(0.05243321554389183-0.1817104746679339j),0j,0j,0j,0j,0j,0j,0j,0j,0j,0j,0j,0j,0j,0j,0j,0j,0j,0j,0j,0j,0j,0j,(-0.08064109470608917+0.16695020473228186j),0j,0j,0j,0j,0j,0j,0j,(-0.9330198614766125-0.13341274441802423j),0j,(-0.05793173500690496+0.17960534971092815j),0j,0j,0j,0j,0j,0j,0j,0j,0j,0j,0j
0j,0j,0j,0j,0j,0j,0j,0j,0j,0j,0j,0j,0j,0j,0j,0j,0j,0j,0j,0j,0j,0j,0j,0j,0j,0j,0j,0j,0j,0j,0j,0j,0j,0j,0j,0j,0j,0j,0j,0j,0j,0j,0j,(-0.0279748748946309+0.18715424030572061j),0j,0j,0j,0j,0j,0j,0j,(-0.9497886830866844+0.14932070377938994j),0j,(-0.0027050151574617314+0.1924928453315886j),0j,0j,0j,0j,0j,0j,0j,0j,0j,0j
0j,0j,0j,0j,0j,0j,0j,0j,0j,0j,0j,0j,0j,0j,0j,0j,0j,0j,0j,0j,0j,(0.10358973073121931-0.1536689969851644j),0j,0j,0j,0j,0j,0j,0j,0j,0j,0j,0j,0j,0j,0j,0j,0j,0j,0j,0j,0j,0j,0j,(-0.08733443442977813+0.1664345124577306j),0j,0j,0j,0j,0j,(-0.05243321554389189+0.1817104746679342j),0j,(-0.8295529576597956-0.4049328928873644j),0j,0j,0j,(-0.02765271670370004+0.18727387093399547j),0j,0j,0j,0j,0j,0j,0j
0j,0j,0j,0j,0j,0j,0j,0j,0j,0j,0j,0j,0j,0j,0j,0j,0j,0j,0j,0j,0j,0j,0j,0j,0j,0j,0j,0j,0j,0j,0j,0j,0j,0j,0j,0j,0j,0j,0j,0j,0j,0j,0j,0j,0j,(-0.034634304482545286+0.18859523019367097j),0j,0j,0j,0j,0j,(0.0032874941961338034+0.19289846211955664j),0j,(-0.9302179479487042-0.14644369632257753j),0j,0j,0j,(0.029125690128981373+0.19090298119814217j),0j,0j,0j,0j,0j,0j
0j,0j,0j,0j,0j,0j,0j,0j,0j,0j,0j,0j,0j,0j,0j,0j,0j,0j,0j,0j,0j,0j,0j,(-0.05350094836711555+0.18127679095205312j),0j,0j,0j,0j,0j,0j,0j,0j,0j,0j,0j,0j,0j,0j,0j,0j,0j,0j,0j,0j,0j,0j,(0.034634304482545286-0.18859523019367114j),0j,0j,0j,0j,0j,0j,0j,(0.931177771675727+0.13878938022905887j),0j,0j,0j,(0.022743240004252912-0.19119002298239854j),0j,0j,0j,0j,0j
0j,0j,0j,0j,0j,0j,0j,0j,0j,0j,0j,0j,0j,0j,0j,0j,0j,0j,0j,0j,0j,0j,0j,0j,0j,0j,0j,0j,0j,0j,0j,0j,0j,0j,0j,0j,0j,0j,0j,0j,0j,0j,0j,0j,0j,0j,0j,(-0.023418318844929925-0.19421229122751227j),0j,0j,0j,0j,0j,0j,0j,(0.949614623952148-0.1435240249598414j),0j,0j,0j,(-0.035086117503887675-0.1932517104008556j),0j,0j,0j,0j
0j,0j,0j,0j,0j,0j,0j,0j,0j,0j,0j,0j,0j,0j,0j,0j,0j,0j,0j,0j,0j,0j,0j,0j,0j,(-0.0037375105320737703-0.1929867926641143j),0j,0j,0j,0j,0j,0j,0j,0j,0j,0j,0j,0j,0j,0j,0j,0j,0j,0j,0j,0j,0j,0j,0j,0j,0j,0j,(-0.027614460744317205+0.18728399187510325j),0j,0j,0j,(-0.9497812685528273+0.14928069501804278j),0j,0j,0j,0j,0j,0j,0j
0j,0j,0j,0j,0j,0j,0j,0j,0j,0j,0j,0j,0j,0j,0j,0j,0j,0j,0j,0j,0j,0j,0j,0j,0j,0j,0j,0j,0j,0j,0j,0j,0j,0j,0j,0j,0j,0j,0j,0j,0j,0j,0j,0j,0j,0j,0j,0j,0j,0j,0j,0j,0j,(0.029164515379271526+0.19090133975818638j),0j,0j,0j,(-0.8814684147420726+0.4300539126876434j),0j,0j,0j,0j,0j,0j
0j,0j,0j,0j,0j,0j,0j,0j,0j,0j,0j,0j,0j,0j,0j,0j,0j,0j,0j,0j,0j,0j,0j,0j,0j,0j,0j,(-0.053432759416945336+0.1813184324138798j),0j,0j,0j,0j,0j,0j,0j,0j,0j,0j,0j,0j,0j,0j,0j,0j,0j,0j,0j,0j,0j,0j,0j,0j,0j,0j,(0.03406632503576029-0.18871585141137565j),0j,0j,0j,(0.9309640054791355+0.14074433558719995j),0j,(-0.003364290307398584-0.19289439322692176j),0j,0j,0j
0j,0j,0j,0j,0j,0j,0j,0j,0j,0j,0j,0j,0j,0j,0j,0j,0j,0j,0j,0j,0j,0j,0j,0j,0j,0j,0j,0j,0j,0j,0j,0j,0j,0j,0j,0j,0j,0j,0j,0j,0j,0j,0j,0j,0j,0j,0j,0j,0j,0j,0j,0j,0j,0j,0j,(-0.023301787342947383-0.1942304985437886j),0j,0j,0j,(0.9499881830749244-0.14159905913014287j),0j,(-0.061057211040697904-0.18709376254121432j),0j,0j
0j,0j,0j,0j,0j,0j,0j,0j,0j,0j,0j,0j,0j,0j,0j,0j,0j,0j,0j,0j,0j,0j,0j,0j,0j,0j,0j,0j,0j,(0.0033642903073985877+0.19289439322692173j),0j,0j,0j,0j,0j,0j,0j,0j,0j,0j,0j,0j,0j,0j,0j,0j,0j,0j,0j,0j,0j,0j,0j,0j,0j,0j,0j,0j,(0.002399063794075073-0.19252202210208869j),0j,(0.9495800608813842-0.14738485006030522j),0j,0j,0j
0j,0j,0j,0j,0j,0j,0j,0j,0j,0j,0j,0j,0j,0j,0j,0j,0j,0j,0j,0j,0j,0j,0j,0j,0j,0j,0j,0j,0j,0j,0j,0j,0j,0j,0j,0j,0j,0j,0j,0j,0j,0j,0j,0j,0j,0j,0j,0j,0j,0j,0j,0j,0j,0j,0j,0j,0j,0j,0j,(-0.05532553242969-0.18845690683524627j),0j,(0.8818400562443021-0.42814477747079505j),0j,0j
0j,0j,0j,0j,0j,0j,0j,0j,0j,0j,0j,0j,0j,0j,0j,0j,0j,0j,0j,0j,0j,0j,0j,0j,0j,0j,0j,0j,0j,0j,0j,(-0.06105721104069792-0.18709376254121426j),0j,0j,0j,0j,0j,0j,0j,0j,0j,0j,0j,0j,0j,0j,0j,0j,0j,0j,0j,0j,0j,0j,0j,0j,0j,0j,0j,0j,0j,0j,(-0.8818400562443015+0.4281447774707955j),0j
0j,0j,0j,0j,0j,0j,0j,0j,0j,0j,0j,0j,0j,0j,0j,0j,0j,0j,0j,0j,0j,0j,0j,0j,0j,0j,0j,0j,0j,0j,0j,0j,0j,0j,0j,0j,0j,0j,0j,0j,0j,0j,0j,0j,0j,0j,0j,0j,0j,0j,0j,0j,0j,0j,0j,0j,0j,0j,0j,0j,0j,0j,0j,(-0.7316888688738205+0.6816387600233333j)
