(0.34663531783502144-0.9379999767747196j),0j,0j,0j,0j,0j,0j,0j,0j,0j,0j,0j,0j,0j,0j,0j,0j,0j,0j,0j,0j,0j,0j,0j,0j,0j,0j,0j,0j,0j,0j,0j,0j,0j,0j,0j,0j,0j,0j,0j,0j,0j,0j,0j,0j,0j,0j,0j,0j,0j,0j,0j,0j,0j,0j,0j,0j,0j,0j,0j,0j,0j,0j,0j
0j,(0.45018649515885684+0.3534256254689592j),(0.3001635469775059+0.21408418077328573j),0j,(0.43029371818069306+0.17023937697826383j),0j,0j,0j,(0.34280299796936925-0.3076872619612407j),0j,0j,0j,0j,0j,0j,0j,(-0.11491749721100884-0.2725996472591995j),0j,0j,0j,0j,0j,0j,0j,0j,0j,0j,0j,0j,0j,0j,0j,(-0.09671780154068312+0.11533363555913985j),0j,0j,0j,0j,0j,0j,0j,0j,0j,0j,0j,0j,0j,0j,0j,0j,0j,0j,0j,0j,0j,0j,0j,0j,0j,0j,0j,0j,0j,0j,0j
0j,(0.30337937821898425+0.21387155657824966j),(0.4395567029395291+0.19265550284178018j),0j,(-0.02163426533841406-0.35755715709882135j),0j,0j,0j,(-0.20708812218119854+0.37578040530832035j),0j,0j,0j,0j,0j,0j,0j,(0.4307563241933673+0.215440240458296j),0j,0j,0j,0j,0j,0j,0j,0j,0j,0j,0j,0j,0j,0j,0j,(-0.11491749721100793-0.2725996472591988j),0j,0j,0j,0j,0j,0j,0j,0j,0j,0j,0j,0j,0j,0j,0j,0j,0j,0j,0j,0j,0j,0j,0j,0j,0j,0j,0j,0j,0j,0j,0j
0j,0j,0j,(0.2832848141225659+0.6477106024600131j),0j,(0.359905006341397+0.2414111701251509j),(0.37938954438298883+0.2099536302538541j),0j,0j,(0.1215072160255502+0.011151768005830249j),(0.0860233832813137+0.01567681145350862j),0j,(0.12158909532386615-0.15651078273500543j),0j,0j,0j,0j,(0.05125603976696628+0.07251805023879115j),(0.04054129159297475+0.07152763286438678j),0j,(0.059664774137136424-0.026501106347436888j),0j,0j,0j,(-0.03534880825689794-0.020399307942123617j),0j,0j,0j,0j,0j,0j,0j,0j,(0.038861723992674194-0.11327078385681373j),(0.04225675738234213-0.08634605245590392j),0j,(-0.05307805199248413-0.09769861697908414j),0j,0j,0j,(-0.06847991609675913+0.029228927224513125j),0j,0j,0j,0j,0j,0j,0j,(0.02071624640907776+0.009397054585848117j),0j,0j,0j,0j,0j,0j,0j,0j,0j,0j,0j,0j,0j,0j,0j
0j,(0.45353403577322066+0.149427655472j),(-0.054065179533315244-0.35005760462621544j),0j,(-0.18313113519745444+0.43186587816322075j),0j,0j,0j,(0.09303857017047229+0.14673721098879558j),0j,0j,0j,0j,0j,0j,0j,(-0.20708812218119846+0.3757804053083203j),0j,0j,0j,0j,0j,0j,0j,0j,0j,0j,0j,0j,0j,0j,0j,(0.34280299796936947-0.3076872619612389j),0j,0j,0j,0j,0j,0j,0j,0j,0j,0j,0j,0j,0j,0j,0j,0j,0j,0j,0j,0j,0j,0j,0j,0j,0j,0j,0j,0j,0j,0j,0j
0j,0j,0j,(0.36381994199050194+0.236141094720781j),0j,(-0.30227901478550556+0.1500540584287844j),(-0.13078197677274495-0.061455158472808316j),0j,0j,(0.13905833235302+0.30780482800478387j),(0.2811876798552924+0.06643430713247078j),0j,(-0.03687479289768428+0.22530841201068016j),0j,0j,0j,0j,(0.05244792488983313-0.24285928172377808j),(0.057240480085462335-0.34824453682680434j),0j,(-0.19667542998898602-0.08013069996170284j),0j,0j,0j,(0.04667617334476615+0.031729876522008815j),0j,0j,0j,0j,0j,0j,0j,0j,(0.03297351255937504+0.14823802653106397j),(-0.10602419357646899+0.11742790766325334j),0j,(0.19187277737754949+0.21183464280598424j),0j,0j,0j,(0.13766264085254765-0.19639854531439624j),0j,0j,0j,0j,0j,0j,0j,(-0.06847991609675894+0.02922892722451298j),0j,0j,0j,0j,0j,0j,0j,0j,0j,0j,0j,0j,0j,0j,0j
0j,0j,0j,(0.38383261430126664+0.20437736448283053j),0j,(-0.12404755813830962-0.0491676191693422j),(-0.28173247595277745-0.16334617387218242j),0j,0j,(-0.2983517357571998+0.06899138112411317j),(-0.2433563578186205+0.1264411462351606j),0j,(0.006579155332075112+0.2926304710795249j),0j,0j,0j,0j,(-0.20796243089423805+0.1896754212451936j),(-0.12154553782353962+0.2547602822784763j),0j,(0.14241618831806585+0.17448826229597808j),0j,0j,0j,(0.07881901781710016-0.07452628799508089j),0j,0j,0j,0j,0j,0j,0j,0j,(0.2901581233170741+0.06486320158224237j),(0.2975013234429789-0.10855778437721098j),0j,(-0.03659667826093972-0.12690647187216644j),0j,0j,0j,(0.04667617334476626+0.031729876522008725j),0j,0j,0j,0j,0j,0j,0j,(-0.035348808256898095-0.020399307942123565j),0j,0j,0j,0j,0j,0j,0j,0j,0j,0j,0j,0j,0j,0j,0j
0j,0j,0j,0j,0j,0j,0j,(0.4030251784401172+0.6823090394496982j),0j,0j,0j,(0.13127938322452545+0.363837135813088j),0j,(0.04213177419698938+0.056948673290571454j),(0.2759734172986736+0.011769528370649015j),0j,0j,0j,0j,(0.04725658843432769+0.045815763945694234j),0j,(-0.004431070333193282-0.014925725616222242j),(0.06781644919905527-0.053777705308242114j),0j,0j,(0.04171009454957354+0.012560616258026382j),(0.054013698208775364-0.01969170980316456j),0j,(-0.033065006728623426-0.01772408344478861j),0j,0j,0j,0j,0j,0j,(0.2785670156151036+0.01968776146997029j),0j,(0.07062010939495934-0.047318012246507814j),(0.07016551344444062-0.1307924152732903j),0j,0j,(0.05659841828127118-0.01720715644604021j),(0.04569142849088867-0.047486244304043475j),0j,(-0.04110274565005351-0.015987530754592572j),0j,0j,0j,0j,(-0.03335146911919199-0.019517042243019946j),(-0.04301452789748325-0.016044434477569716j),0j,(-0.016898836395663558+0.03720113110859841j),0j,0j,0j,(0.010311872035422207-0.003485464077050035j),0j,0j,0j,0j,0j,0j,0j
0j,(0.3024031889647994-0.34672725128956267j),(-0.15222637321031654+0.4211429905245961j),0j,(0.08548554980565314+0.1341492352318641j),0j,0j,0j,(-0.18313113519745347+0.4318658781632196j),0j,0j,0j,0j,0j,0j,0j,(-0.021634265338413453-0.3575571570988202j),0j,0j,0j,0j,0j,0j,0j,0j,0j,0j,0j,0j,0j,0j,0j,(0.43029371818069134+0.17023937697826386j),0j,0j,0j,0j,0j,0j,0j,0j,0j,0j,0j,0j,0j,0j,0j,0j,0j,0j,0j,0j,0j,0j,0j,0j,0j,0j,0j,0j,0j,0j,0j
0j,0j,0j,(0.11486887971873762+0.01201653133053458j),0j,(0.1604111132468564+0.27782991287369474j),(-0.3062943466725995+0.08996047959804199j),0j,0j,(0.1927172875898768-0.1318886846614386j),(-0.2606978908085476-0.11322450082699154j),0j,(-0.09511123786890446+0.19027312525032913j),0j,0j,0j,0j,(0.36785535066391695-0.1672552807999779j),(0.021784488618380532+0.07383279478872333j),0j,(0.36032386028322266+0.08028360018411264j),0j,0j,0j,(-0.036596678260939854-0.12690647187216691j),0j,0j,0j,0j,0j,0j,0j,0j,(-0.32501887352479525+0.15991645955640574j),(-0.037100959240617265+0.20585001492708205j),0j,(-0.07856122441508132+0.05601015678721645j),0j,0j,0j,(0.19187277737754968+0.2118346428059846j),0j,0j,0j,0j,0j,0j,0j,(-0.053078051992484075-0.09769861697908419j),0j,0j,0j,0j,0j,0j,0j,0j,0j,0j,0j,0j,0j,0j,0j
0j,0j,0j,(0.08026602731023756+0.017872341359284647j),0j,(0.3002205268371879+0.04479765867774144j),(-0.24179504788720313+0.147962568710399j),0j,0j,(-0.25328896927549976-0.13866876670127887j),(-0.236003729281511+0.009457832047185411j),0j,(-0.0603884940433919+0.07893321513545755j),0j,0j,0j,0j,(0.12203334035988253+0.3379257128417039j),(0.28497418234904104-0.05157653856194111j),0j,(-0.31061699603710047-0.09133084699723894j),0j,0j,0j,(0.14241618831806632+0.1744882622959782j),0j,0j,0j,0j,0j,0j,0j,0j,(0.06072216719886752-0.07698992631305904j),(-0.21658455035273252+0.24701522239252874j),0j,(0.36032386028322294+0.08028360018411278j),0j,0j,0j,(-0.1966754299889858-0.08013069996170342j),0j,0j,0j,0j,0j,0j,0j,(0.059664774137135994-0.026501106347436836j),0j,0j,0j,0j,0j,0j,0j,0j,0j,0j,0j,0j,0j,0j,0j
0j,0j,0j,0j,0j,0j,0j,(0.13127938322452548+0.3638371358130877j),0j,0j,0j,(0.0983937922189747-0.3061481334975732j),0j,(0.2864954074559783+0.2002150425545012j),(-0.3078006567807769-0.01215502704485056j),0j,0j,0j,0j,(0.25385361121710426+0.2200901737251186j),0j,(0.2961499175461501+0.10339485005266047j),(0.08484563556070958+0.0905330268490593j),0j,0j,(-0.01912957804114455-0.08962020750119111j),(-0.12471160071832123-0.013515114532500552j),0j,(0.06532382716521916-0.009319123172201134j),0j,0j,0j,0j,0j,0j,(-0.2961644529456866-0.032779339494408706j),0j,(0.08891832457513621+0.06745334032426191j),(-0.026268355250464438+0.2439016988719449j),0j,0j,(-0.12602778873497192-0.028466342792686672j),(-0.17729324502388322+0.08528613126866498j),0j,(0.1186829949962024+0.018871318212048408j),0j,0j,0j,0j,(0.060684285854603115-0.003733439207535874j),(0.12486059422635383+0.01927339995415304j),0j,(-0.023133380530496975-0.14710421344781405j),0j,0j,0j,(-0.01689883639566355+0.03720113110859844j),0j,0j,0j,0j,0j,0j,0j
0j,0j,0j,(0.11332890013593323-0.16103108720870046j),0j,(-0.023171246087617933+0.22066196668801752j),(0.014903384201596308+0.2987711601413896j),0j,0j,(-0.09736777030488178+0.2023146595880233j),(-0.05404292666418071+0.07173093190717907j),0j,(-0.4482557949162384-0.3651125482524264j),0j,0j,0j,0j,(0.05777649543332718-0.08484523862842418j),(-0.19359127377217428+0.04440488891205835j),0j,(-0.060388494043392436+0.07893321513545631j),0j,0j,0j,(0.006579155332075263+0.2926304710795251j),0j,0j,0j,0j,0j,0j,0j,0j,(0.29762819464223966+0.23115736454444166j),(0.04254354868736351-0.061431361335390115j),0j,(-0.09511123786890485+0.19027312525032855j),0j,0j,0j,(-0.036874792897683986+0.22530841201068083j),0j,0j,0j,0j,0j,0j,0j,(0.12158909532386608-0.15651078273500577j),0j,0j,0j,0j,0j,0j,0j,0j,0j,0j,0j,0j,0j,0j,0j
0j,0j,0j,0j,0j,0j,0j,(0.04725658843432694+0.04581576394569392j),0j,0j,0j,(0.25385361121710437+0.22009017372511813j),0j,(-0.2857516088117975+0.13411021475349366j),(-0.25368581524656236+0.020496947950398272j),0j,0j,0j,0j,(0.3688010262276386-0.3917943346559247j),0j,(-0.07644844720753212+0.09634829011171916j),(-0.20862347885146842-0.05894318478481053j),0j,0j,(0.008504160799102187+0.024179524737095417j),(-0.042328539571054154-0.07314053678714288j),0j,(0.06016814910010288+0.08345594031635799j),0j,0j,0j,0j,0j,0j,(-0.14402445377252576+0.20171425637283336j),0j,(-0.14667662880889085+0.2851829026332001j),(-0.048022136892099464+0.19013451509947799j),0j,0j,(0.1234088960620737+0.20379705957972022j),(0.22136548369483264+0.026605293999176927j),0j,(0.00986409421616429-0.029145242852472213j),0j,0j,0j,0j,(0.06302024337097689-0.0853532477017828j),(-0.10005721748104247-0.02317321312160218j),0j,(0.1186829949962027+0.01887131821204832j),0j,0j,0j,(-0.0411027456500536-0.015987530754592572j),0j,0j,0j,0j,0j,0j,0j
0j,0j,0j,0j,0j,0j,0j,(0.2785670156151035+0.01968776146997037j),0j,0j,0j,(-0.2961644529456858-0.032779339494407984j),0j,(-0.24421478318942974+0.01287553661697122j),(-0.4601023344383013+0.008450801512603995j),0j,0j,0j,0j,(-0.1440244537725257+0.2017142563728342j),0j,(-0.11679628692558384+0.11724286889839483j),(-0.18254936113740153+0.1664570697821671j),0j,0j,(-0.09241808337353959+0.19677779087384803j),(0.07105336744844362+0.2097673493742541j),0j,(0.0967274829345489-0.006254939659567189j),0j,0j,0j,0j,0j,0j,(0.4241459137108501+0.13348837482782328j),0j,(0.0270486611503876+0.1207676181017564j),(-0.12103108495414365-0.0270945467960122j),0j,0j,(-0.11888702031254991-0.002099794305466797j),(-0.10304090510870524+0.03443657563963722j),0j,(0.06016814910010347+0.0834559403163578j),0j,0j,0j,0j,(0.16453278721542644+0.012422927796948991j),(0.05646131551381163-0.07051979335732228j),0j,(0.06532382716521905-0.009319123172201153j),0j,0j,0j,(-0.03306500672862352-0.017724083444788645j),0j,0j,0j,0j,0j,0j,0j
0j,0j,0j,0j,0j,0j,0j,0j,0j,0j,0j,0j,0j,0j,0j,(0.28328481412256484+0.6477106024600111j),0j,0j,0j,0j,0j,0j,0j,(0.3638199419905022+0.23614109472078257j),0j,0j,0j,(0.1148688797187384+0.012016531330534898j),0j,(0.06764564078205884+0.07109842896300857j),(0.026030083566214873-0.11237658991608877j),0j,0j,0j,0j,0j,0j,0j,0j,(0.3838326143012685+0.20437736448283042j),0j,0j,0j,(0.080266027310238+0.01787234135928462j),0j,(0.05503130618636092+0.07010961904532564j),(0.030545983896837808-0.0863098572109327j),0j,0j,0j,0j,(0.11332890013593243-0.16103108720870077j),0j,(0.06627672737511324-0.037407595014365434j),(-0.06302156133870862-0.08821154398148952j),0j,0j,(-0.03909205067813797-0.018520636183234806j),(-0.05964415749880386+0.03819848279499262j),0j,(0.01980880212857639+0.00561028994630773j),0j,0j,0j
0j,(-0.15748568033024388-0.23075506934903556j),(0.46494290758925694+0.11629430129588765j),0j,(-0.15222637321031635+0.42114299052459764j),0j,0j,0j,(-0.05406517953331482-0.35005760462621355j),0j,0j,0j,0j,0j,0j,0j,(0.43955670293952936+0.19265550284178076j),0j,0j,0j,0j,0j,0j,0j,0j,0j,0j,0j,0j,0j,0j,0j,(0.300163546977508+0.21408418077328586j),0j,0j,0j,0j,0j,0j,0j,0j,0j,0j,0j,0j,0j,0j,0j,0j,0j,0j,0j,0j,0j,0j,0j,0j,0j,0j,0j,0j,0j,0j,0j
0j,0j,0j,(0.0676456407820583+0.07109842896300922j),0j,(-0.012754803373145164-0.24787974125720005j),(-0.17264898559018374+0.21687728066681047j),0j,0j,(0.34258738351547735-0.18692242447602483j),(0.16891726191624684+0.3239239879530628j),0j,(0.04254354868736378-0.06143136133539013j),0j,0j,0j,0j,(-0.26273815955915264+0.024343355368265346j),(0.08821429251520377+0.27544934278011113j),0j,(-0.21658455035273189+0.24701522239252868j),0j,0j,0j,(0.29750132344298014-0.10855778437721146j),0j,0j,0j,0j,0j,0j,0j,0j,(-0.2514057810564655+0.2187402330054056j),(-0.06869716577502062-0.07266219335878012j),0j,(-0.03710095924061761+0.2058500149270823j),0j,0j,0j,(-0.10602419357646951+0.11742790766325349j),0j,0j,0j,0j,0j,0j,0j,(0.04225675738234206-0.08634605245590389j),0j,0j,0j,0j,0j,0j,0j,0j,0j,0j,0j,0j,0j,0j,0j
0j,0j,0j,(0.055031306186360915+0.07010961904532664j),0j,(-0.0032789953980025517-0.3478921190708137j),(-0.07817838649392007+0.2730105613327134j),0j,0j,(0.020075100898987695+0.05468499102353199j),(0.28249412859529266-0.07728071800543855j),0j,(-0.1935912737721757+0.0444048889120594j),0j,0j,0j,0j,(0.0730040752086804+0.2859313764171633j),(-0.35173676517232144+0.15266197972689977j),0j,(0.28497418234904087-0.05157653856194076j),0j,0j,0j,(-0.12154553782354059+0.25476028227847664j),0j,0j,0j,0j,0j,0j,0j,0j,(-0.18607244350794286-0.09263403175846521j),(0.08821429251520432+0.2754493427801104j),0j,(0.0217844886183808+0.07383279478872373j),0j,0j,0j,(0.05724048008546247-0.34824453682680345j),0j,0j,0j,0j,0j,0j,0j,(0.04054129159297462+0.07152763286438635j),0j,0j,0j,0j,0j,0j,0j,0j,0j,0j,0j,0j,0j,0j,0j
0j,0j,0j,0j,0j,0j,0j,(0.04213177419698867+0.056948673290571634j),0j,0j,0j,(0.28649540745597935+0.20021504255450043j),0j,(0.29717393891038335-0.4271636858585236j),(-0.10353723995937832+0.24213433557041505j),0j,0j,0j,0j,(-0.28575160881179723+0.13411021475349347j),0j,(-0.1127322546350502+0.0982012763478943j),(-0.13462317247352304+0.29222800779669506j),0j,0j,(-0.004169587177341052+0.02550246325467499j),(0.14157039110208688+0.17262816939329934j),0j,(0.05646131551381174-0.07051979335732235j),0j,0j,0j,0j,0j,0j,(-0.24421478318942844+0.012875536616969243j),0j,(-0.2240178557596149-0.04710188401905959j),(-0.02604549521221948+0.18341397870222265j),0j,0j,(-0.05072492064326032-0.06757612050667851j),(0.23069917491357492+0.004826869551974j),0j,(-0.10005721748104253-0.023173213121602095j),0j,0j,0j,0j,(0.0688604591107689+0.08604243227135892j),(-0.0005442503869008746-0.028740853121851543j),0j,(0.12486059422635397+0.019273399954152875j),0j,0j,0j,(-0.043014527897483196-0.01604443447756969j),0j,0j,0j,0j,0j,0j,0j
0j,0j,0j,(0.06627672737511334-0.03740759501436514j),0j,(-0.23035560167173819-0.033230184264875j),(0.16829094679371912+0.1474088008611709j),0j,0j,(0.36745492311243466+0.0335832331552625j),(-0.32852143219383373-0.037363165941515876j),0j,(-0.054042926664180854+0.07173093190717887j),0j,0j,0j,0j,(-0.20959712038389525+0.2532472189679124j),(0.28249412859529155-0.07728071800543901j),0j,(-0.23600372928151014+0.009457832047184589j),0j,0j,0j,(-0.24335635781861964+0.12644114623516098j),0j,0j,0j,0j,0j,0j,0j,0j,(0.03955216493224942-0.06840518277185771j),(0.16891726191624637+0.32392398795306154j),0j,(-0.26069789080854755-0.11322450082699073j),0j,0j,0j,(0.2811876798552914+0.06643430713247006j),0j,0j,0j,0j,0j,0j,0j,(0.08602338328131452+0.015676811453508712j),0j,0j,0j,0j,0j,0j,0j,0j,0j,0j,0j,0j,0j,0j,0j
0j,0j,0j,0j,0j,0j,0j,(-0.0044310703331936875-0.01492572561622176j),0j,0j,0j,(0.2961499175461507+0.10339485005266j),0j,(-0.11273225463505025+0.09820127634789498j),(-0.1095826867894245+0.12225985620361926j),0j,0j,0j,0j,(-0.07644844720753209+0.09634829011171993j),0j,(-0.2066196494289264-0.5294392085006164j),(0.006553804582415827+0.06653665347125684j),0j,0j,(0.09567883005984423+0.10937923070108964j),(0.1923953331955968+0.004847910877574608j),0j,(-0.10304090510870563+0.03443657563963701j),0j,0j,0j,0j,0j,0j,(-0.1167962869255843+0.11724286889839453j),0j,(-0.03514558807116649+0.07380794986876306j),(0.020202018438108017+0.03671698912980926j),0j,0j,(0.203240038641736-0.03193975191955055j),(-0.4417881620296618+0.07747138908806422j),0j,(0.22136548369483267+0.026605293999176296j),0j,0j,0j,0j,(-0.10774428372697363+0.05052504135951715j),(0.23069917491357517+0.004826869551973876j),0j,(-0.17729324502388333+0.08528613126866544j),0j,0j,0j,(0.045691428490888565-0.04748624430404362j),0j,0j,0j,0j,0j,0j,0j
0j,0j,0j,0j,0j,0j,0j,(0.07062010939495926-0.04731801224650768j),0j,0j,0j,(0.08891832457513613+0.06745334032426124j),0j,(-0.22401785575961433-0.04710188401905959j),(-0.1673030471803499+0.15629564419995873j),0j,0j,0j,0j,(-0.14667662880889132+0.2851829026332004j),0j,(-0.03514558807116576+0.07380794986876363j),(0.11705892872824118-0.12099766414956255j),0j,0j,(-0.02246519656356017-0.0012136890148668283j),(-0.45344333006951565-0.1693626451265138j),0j,(0.07105336744844364+0.20976734937425406j),0j,0j,0j,0j,0j,0j,(0.027048661150387933+0.12076761810175692j),0j,(0.13497128185940444-0.4211744619611673j),(-0.025397703219786953+0.18424839505760024j),0j,0j,(0.22858725623402426+0.16163197939205404j),(0.19239533319559618+0.004847910877574436j),0j,(-0.042328539571054404-0.07314053678714272j),0j,0j,0j,0j,(-0.12929095586885736+0.010177035113216163j),(0.14157039110208705+0.17262816939329984j),0j,(-0.12471160071832124-0.013515114532500615j),0j,0j,0j,(0.05401369820877548-0.019691709803164488j),0j,0j,0j,0j,0j,0j,0j
0j,0j,0j,0j,0j,0j,0j,0j,0j,0j,0j,0j,0j,0j,0j,(0.35990500634139716+0.24141117012515034j),0j,0j,0j,0j,0j,0j,0j,(-0.30227901478550573+0.1500540584287851j),0j,0j,0j,(0.160411113246856+0.27782991287369546j),0j,(-0.012754803373144805-0.24787974125719986j),(0.06210560491056864+0.16020712586413835j),0j,0j,0j,0j,0j,0j,0j,0j,(-0.12404755813831077-0.049167619169342515j),0j,0j,0j,(0.30022052683718814+0.04479765867774174j),0j,(-0.003278995398001998-0.3478921190708136j),(-0.067894816763419+0.12988590780787684j),0j,0j,0j,0j,(-0.0231712460876185+0.22066196668801685j),0j,(-0.23035560167173857-0.03323018426487512j),(0.22672652452000605+0.1766348277424227j),0j,0j,(0.06313198053677647+0.03037441638411793j),(0.09656555615959049-0.21571582636834583j),0j,(-0.05964415749880407+0.03819848279499252j),0j,0j,0j
0j,0j,0j,(-0.03909205067813803-0.018520636183234827j),0j,(0.06313198053677646+0.03037441638411772j),(0.06707201861542178-0.07889619938318809j),0j,0j,(-0.06414871918219685-0.11348432226046576j),(0.16829094679371903+0.14740880086117125j),0j,(0.014903384201596554+0.29877116014138966j),0j,0j,0j,0j,(0.27776860738168996-0.1349569373366717j),(-0.07817838649392+0.27301056133271256j),0j,(-0.24179504788720324+0.14796256871039903j),0j,0j,0j,(-0.281732475952777-0.1633461738721823j),0j,0j,0j,0j,0j,0j,0j,0j,(0.273763847648176+0.030673865086255882j),(-0.17264898559018355+0.2168772806668099j),0j,(-0.30629434667259925+0.08996047959804167j),0j,0j,0j,(-0.13078197677274497-0.06145515847280868j),0j,0j,0j,0j,0j,0j,0j,(0.37938954438298833+0.20995363025385394j),0j,0j,0j,0j,0j,0j,0j,0j,0j,0j,0j,0j,0j,0j,0j
0j,0j,0j,0j,0j,0j,0j,(0.04171009454957364+0.012560616258026226j),0j,0j,0j,(-0.019129578041144606-0.08962020750119055j),0j,(-0.0041695871773409846+0.02550246325467508j),(-0.07884803757526393+0.19225330873621077j),0j,0j,0j,0j,(0.008504160799102102+0.02417952473709564j),0j,(0.09567883005984458+0.10937923070108917j),(-0.052700334109323455+0.04025509906065029j),0j,0j,(0.5480226605538636-0.3168223226040411j),(-0.025397703219786443+0.18424839505759946j),0j,(-0.12103108495414372-0.027094546796012472j),0j,0j,0j,0j,0j,0j,(-0.09241808337354027+0.196777790873848j),0j,(-0.02246519656355983-0.001213689014866124j),(-0.25304904644876747-0.39153463762122265j),0j,0j,(-0.05722542727312332+0.16288764826800003j),(0.020202018438106963+0.03671698912981007j),0j,(-0.048022136892098985+0.19013451509947818j),0j,0j,0j,0j,(-0.1278893418305828-0.031622884960024j),(-0.02604549521221944+0.18341397870222315j),0j,(-0.026268355250464927+0.24390169887194563j),0j,0j,0j,(0.07016551344444096-0.13079241527329055j),0j,0j,0j,0j,0j,0j,0j
0j,0j,0j,0j,0j,0j,0j,(0.05659841828127138-0.017207156446039852j),0j,0j,0j,(-0.12602778873497225-0.028466342792687133j),0j,(-0.05072492064326001-0.06757612050667829j),(0.07628984240506177+0.21403058353395257j),0j,0j,0j,0j,(0.12340889606207422+0.20379705957972077j),0j,(0.2032400386417353-0.03193975191955j),(-0.43178729543098215-0.18010118445346665j),0j,0j,(-0.05722542727312296+0.162887648268j),(0.11705892872824121-0.12099766414956245j),0j,(-0.1825493611374001+0.1664570697821665j),0j,0j,0j,0j,0j,0j,(-0.1188870203125509-0.002099794305467442j),0j,(0.22858725623402457+0.1616319793920549j),(-0.05270033410932291+0.04025509906065009j),0j,0j,(0.17276726193903916-0.41037729300945114j),(0.006553804582415729+0.06653665347125584j),0j,(-0.20862347885146856-0.05894318478481113j),0j,0j,0j,0j,(0.003462712648440184+0.10407304876464513j),(-0.13462317247352382+0.29222800779669555j),0j,(0.08484563556070991+0.09053302684905867j),0j,0j,0j,(0.06781644919905533-0.05377770530824183j),0j,0j,0j,0j,0j,0j,0j
0j,0j,0j,0j,0j,0j,0j,0j,0j,0j,0j,0j,0j,0j,0j,(0.12150721602555038+0.011151768005829645j),0j,0j,0j,0j,0j,0j,0j,(0.13905833235302+0.307804828004785j),0j,0j,0j,(0.19271728758987616-0.13188868466143838j),0j,(0.3425873835154775-0.18692242447602422j),(-0.2970347411790857+0.19204639543735708j),0j,0j,0j,0j,0j,0j,0j,0j,(-0.29835173575719925+0.06899138112411374j),0j,0j,0j,(-0.25328896927549976-0.1386687667012784j),0j,(0.02007510089898677+0.0546849910235322j),(-0.04236295434978099+0.21341017717420602j),0j,0j,0j,0j,(-0.09736777030488157+0.20231465958802358j),0j,(0.36745492311243516+0.03358323315526284j),(-0.07031645814575459+0.09126881495962298j),0j,0j,(-0.06414871918219647-0.11348432226046604j),(0.22672652452000605+0.17663482774242223j),0j,(-0.06302156133870866-0.08821154398148966j),0j,0j,0j
0j,0j,0j,0j,0j,0j,0j,(-0.03335146911919205-0.01951704224301998j),0j,0j,0j,(0.0606842858546032-0.0037334392075358894j),0j,(0.06886045911076884+0.08604243227135908j),(0.0979383190759976-0.009890559910540983j),0j,0j,0j,0j,(0.06302024337097667-0.08535324770178278j),0j,(-0.1077442837269735+0.05052504135951693j),(0.07628984240506247+0.2140305835339526j),0j,0j,(-0.127889341830583-0.03162288496002441j),(-0.16730304718035025+0.15629564419995853j),0j,(-0.4601023344383002+0.008450801512602388j),0j,0j,0j,0j,0j,0j,(0.1645327872154274+0.012422927796949234j),0j,(-0.12929095586885697+0.010177035113216298j),(-0.07884803757526393+0.1922533087362106j),0j,0j,(0.0034627126484405514+0.10407304876464574j),(-0.10958268678942494+0.12225985620361837j),0j,(-0.25368581524656264+0.02049694795039777j),0j,0j,0j,0j,(0.41775051117561507+0.09765020974495885j),(-0.10353723995937818+0.24213433557041422j),0j,(-0.30780065678077856-0.012155027044850135j),0j,0j,0j,(0.2759734172986741+0.011769528370649361j),0j,0j,0j,0j,0j,0j,0j
0j,0j,0j,0j,0j,0j,0j,0j,0j,0j,0j,0j,0j,0j,0j,(0.051256039766965994+0.07251805023879085j),0j,0j,0j,0j,0j,0j,0j,(0.05244792488983389-0.2428592817237783j),0j,0j,0j,(0.3678553506639171-0.16725528079997717j),0j,(-0.2627381595591511+0.02434335536826562j),(-0.24591089757562007+0.2102914330521646j),0j,0j,0j,0j,0j,0j,0j,0j,(-0.20796243089423858+0.18967542124519426j),0j,0j,0j,(0.12203334035988293+0.3379257128417054j),0j,(0.07300407520868009+0.2859313764171632j),(-0.06196994968163821-0.04860680844032381j),0j,0j,0j,0j,(0.05777649543332792-0.08484523862842415j),0j,(-0.2095971203838965+0.25324721896791386j),(-0.04236295434978065+0.2134101771742061j),0j,0j,(0.2777686073816896-0.13495693733667205j),(-0.0678948167634192+0.12988590780787684j),0j,(0.030545983896838255-0.08630985721093282j),0j,0j,0j
0j,0j,0j,0j,0j,0j,0j,0j,0j,0j,0j,0j,0j,0j,0j,(0.03886172399267371-0.1132707838568136j),0j,0j,0j,0j,0j,0j,0j,(0.03297351255937502+0.14823802653106405j),0j,0j,0j,(-0.3250188735247957+0.15991645955640593j),0j,(-0.25140578105646444+0.21874023300540593j),(-0.20381075745734875+0.2019790603951988j),0j,0j,0j,0j,0j,0j,0j,0j,(0.2901581233170744+0.06486320158224254j),0j,0j,0j,(0.060722167198867694-0.07698992631305931j),0j,(-0.1860724435079438-0.0926340317584653j),(-0.24591089757562104+0.2102914330521657j),0j,0j,0j,0j,(0.2976281946422393+0.23115736454444127j),0j,(0.03955216493224928-0.0684051827718582j),(-0.2970347411790855+0.19204639543735802j),0j,0j,(0.27376384764817524+0.03067386508625544j),(0.06210560491056875+0.16020712586413788j),0j,(0.026030083566214866-0.1123765899160889j),0j,0j,0j
0j,0j,0j,0j,0j,0j,0j,0j,0j,0j,0j,0j,0j,0j,0j,0j,0j,0j,0j,0j,0j,0j,0j,0j,0j,0j,0j,0j,0j,0j,0j,(0.45018649515885634+0.3534256254689598j),0j,0j,0j,0j,0j,0j,0j,0j,0j,0j,0j,0j,0j,0j,0j,(0.30337937821898336+0.21387155657825077j),0j,0j,0j,0j,0j,0j,0j,(0.4535340357732206+0.14942765547200032j),0j,0j,0j,(0.3024031889648005-0.34672725128956294j),0j,(-0.1574856803302442-0.23075506934903592j),(-0.06270273171395019+0.11389408055484304j),0j
0j,(-0.06270273171395015+0.1138940805548431j),(-0.15748568033024446-0.23075506934903584j),0j,(0.3024031889648007-0.34672725128956344j),0j,0j,0j,(0.45353403577322055+0.14942765547200054j),0j,0j,0j,0j,0j,0j,0j,(0.30337937821898403+0.21387155657825022j),0j,0j,0j,0j,0j,0j,0j,0j,0j,0j,0j,0j,0j,0j,0j,(0.4501864951588557+0.35342562546895984j),0j,0j,0j,0j,0j,0j,0j,0j,0j,0j,0j,0j,0j,0j,0j,0j,0j,0j,0j,0j,0j,0j,0j,0j,0j,0j,0j,0j,0j,0j,0j
0j,0j,0j,(0.026030083566214966-0.11237658991608879j),0j,(0.062105604910569205+0.1602071258641378j),(0.27376384764817585+0.03067386508625556j),0j,0j,(-0.2970347411790854+0.19204639543735785j),(0.03955216493224939-0.06840518277185831j),0j,(0.2976281946422393+0.23115736454444127j),0j,0j,0j,0j,(-0.24591089757561999+0.2102914330521657j),(-0.18607244350794336-0.09263403175846531j),0j,(0.060722167198867256-0.07698992631305938j),0j,0j,0j,(0.290158123317074+0.06486320158224287j),0j,0j,0j,0j,0j,0j,0j,0j,(-0.20381075745734842+0.20197906039519875j),(-0.25140578105646477+0.21874023300540615j),0j,(-0.32501887352479614+0.15991645955640593j),0j,0j,0j,(0.03297351255937528+0.14823802653106374j),0j,0j,0j,0j,0j,0j,0j,(0.038861723992673916-0.11327078385681365j),0j,0j,0j,0j,0j,0j,0j,0j,0j,0j,0j,0j,0j,0j,0j
0j,0j,0j,(0.03054598389683843-0.08630985721093287j),0j,(-0.06789481676341913+0.1298859078078766j),(0.2777686073816896-0.13495693733667222j),0j,0j,(-0.04236295434978074+0.2134101771742059j),(-0.20959712038389672+0.253247218967914j),0j,(0.05777649543332792-0.08484523862842415j),0j,0j,0j,0j,(-0.061969949681637056-0.048606808440323925j),(0.07300407520868007+0.2859313764171639j),0j,(0.12203334035988335+0.3379257128417047j),0j,0j,0j,(-0.20796243089423883+0.1896754212451943j),0j,0j,0j,0j,0j,0j,0j,0j,(-0.24591089757561993+0.21029143305216486j),(-0.26273815955915164+0.024343355368266005j),0j,(0.36785535066391734-0.16725528079997748j),0j,0j,0j,(0.05244792488983397-0.24285928172377783j),0j,0j,0j,0j,0j,0j,0j,(0.05125603976696605+0.07251805023879106j),0j,0j,0j,0j,0j,0j,0j,0j,0j,0j,0j,0j,0j,0j,0j
0j,0j,0j,0j,0j,0j,0j,(0.27597341729867414+0.011769528370649858j),0j,0j,0j,(-0.3078006567807786-0.012155027044850459j),0j,(-0.10353723995937751+0.24213433557041436j),(0.41775051117561446+0.09765020974495901j),0j,0j,0j,0j,(-0.25368581524656236+0.020496947950398296j),0j,(-0.10958268678942518+0.12225985620361807j),(0.0034627126484403498+0.10407304876464564j),0j,0j,(-0.07884803757526393+0.1922533087362106j),(-0.1292909558688572+0.010177035113216255j),0j,(0.1645327872154269+0.012422927796949217j),0j,0j,0j,0j,0j,0j,(-0.4601023344383006+0.008450801512603223j),0j,(-0.1673030471803507+0.15629564419995856j),(-0.127889341830583-0.03162288496002441j),0j,0j,(0.07628984240506205+0.2140305835339526j),(-0.10774428372697357+0.050525041359516805j),0j,(0.06302024337097667-0.08535324770178285j),0j,0j,0j,0j,(0.0979383190759976-0.009890559910541016j),(0.06886045911076893+0.08604243227135924j),0j,(0.060684285854603275-0.0037334392075358417j),0j,0j,0j,(-0.033351469119191963-0.019517042243019898j),0j,0j,0j,0j,0j,0j,0j
0j,0j,0j,(-0.06302156133870851-0.0882115439814897j),0j,(0.22672652452000563+0.1766348277424223j),(-0.0641487191821968-0.11348432226046569j),0j,0j,(-0.07031645814575449+0.09126881495962373j),(0.3674549231124357+0.03358323315526251j),0j,(-0.09736777030488157+0.20231465958802358j),0j,0j,0j,0j,(-0.042362954349780706+0.21341017717420582j),(0.020075100898987237+0.05468499102353186j),0j,(-0.2532889692754998-0.1386687667012785j),0j,0j,0j,(-0.2983517357572+0.06899138112411339j),0j,0j,0j,0j,0j,0j,0j,0j,(-0.2970347411790859+0.19204639543735683j),(0.34258738351547774-0.18692242447602478j),0j,(0.1927172875898768-0.1318886846614386j),0j,0j,0j,(0.13905833235301987+0.3078048280047838j),0j,0j,0j,0j,0j,0j,0j,(0.12150721602555023+0.011151768005829819j),0j,0j,0j,0j,0j,0j,0j,0j,0j,0j,0j,0j,0j,0j,0j
0j,0j,0j,0j,0j,0j,0j,(0.06781644919905537-0.05377770530824175j),0j,0j,0j,(0.08484563556070975+0.09053302684905856j),0j,(-0.13462317247352376+0.29222800779669494j),(0.0034627126484404335+0.1040730487646451j),0j,0j,0j,0j,(-0.20862347885146856-0.05894318478481089j),0j,(0.006553804582415625+0.06653665347125637j),(0.17276726193904007-0.41037729300945175j),0j,0j,(-0.05270033410932291+0.04025509906065009j),(0.22858725623402396+0.16163197939205426j),0j,(-0.11888702031255054-0.0020997943054671384j),0j,0j,0j,0j,0j,0j,(-0.18254936113740042+0.1664570697821669j),0j,(0.11705892872824118-0.12099766414956245j),(-0.05722542727312296+0.162887648268j),0j,0j,(-0.43178729543098177-0.18010118445346682j),(0.2032400386417357-0.031939751919550084j),0j,(0.12340889606207461+0.2037970595797208j),0j,0j,0j,0j,(0.07628984240506215+0.2140305835339527j),(-0.050724920643260285-0.06757612050667818j),0j,(-0.12602778873497247-0.028466342792687237j),0j,0j,0j,(0.056598418281271295-0.017207156446039994j),0j,0j,0j,0j,0j,0j,0j
0j,0j,0j,0j,0j,0j,0j,(0.07016551344444111-0.13079241527329033j),0j,0j,0j,(-0.026268355250464975+0.2439016988719456j),0j,(-0.026045495212219313+0.18341397870222315j),(-0.12788934183058268-0.03162288496002379j),0j,0j,0j,0j,(-0.04802213689209894+0.19013451509947785j),0j,(0.02020201843810697+0.03671698912980992j),(-0.05722542727312306+0.16288764826800028j),0j,0j,(-0.25304904644876747-0.39153463762122265j),(-0.02246519656355998-0.0012136890148660255j),0j,(-0.0924180833735399+0.19677779087384775j),0j,0j,0j,0j,0j,0j,(-0.12103108495414339-0.027094546796012822j),0j,(-0.025397703219786898+0.18424839505759955j),(0.5480226605538636-0.3168223226040411j),0j,0j,(-0.052700334109323954+0.04025509906065001j),(0.09567883005984448+0.10937923070108861j),0j,(0.008504160799102193+0.02417952473709564j),0j,0j,0j,0j,(-0.07884803757526383+0.1922533087362106j),(-0.004169587177340805+0.025502463254675284j),0j,(-0.01912957804114467-0.08962020750119071j),0j,0j,0j,(0.041710094549573716+0.012560616258026337j),0j,0j,0j,0j,0j,0j,0j
0j,0j,0j,0j,0j,0j,0j,0j,0j,0j,0j,0j,0j,0j,0j,(0.3793895443829885+0.20995363025385402j),0j,0j,0j,0j,0j,0j,0j,(-0.13078197677274475-0.061455158472808954j),0j,0j,0j,(-0.3062943466725995+0.08996047959804195j),0j,(-0.17264898559018385+0.2168772806668099j),(0.27376384764817574+0.030673865086255366j),0j,0j,0j,0j,0j,0j,0j,0j,(-0.2817324759527779-0.1633461738721824j),0j,0j,0j,(-0.24179504788720327+0.14796256871039892j),0j,(-0.07817838649392016+0.27301056133271195j),(0.2777686073816893-0.1349569373366719j),0j,0j,0j,0j,(0.014903384201596554+0.29877116014138966j),0j,(0.16829094679371867+0.14740880086117097j),(-0.06414871918219663-0.11348432226046605j),0j,0j,(0.06707201861542189-0.07889619938318815j),(0.0631319805367765+0.030374416384117694j),0j,(-0.03909205067813797-0.01852063618323476j),0j,0j,0j
0j,0j,0j,(-0.05964415749880409+0.03819848279499256j),0j,(0.0965655561595906-0.2157158263683459j),(0.0631319805367766+0.030374416384117975j),0j,0j,(0.22672652452000608+0.17663482774242234j),(-0.23035560167173905-0.033230184264875395j),0j,(-0.0231712460876185+0.22066196668801685j),0j,0j,0j,0j,(-0.06789481676341919+0.1298859078078772j),(-0.003278995398001873-0.3478921190708134j),0j,(0.3002205268371873+0.04479765867774161j),0j,0j,0j,(-0.12404755813831071-0.04916761916934252j),0j,0j,0j,0j,0j,0j,0j,0j,(0.06210560491056848+0.16020712586413846j),(-0.012754803373145615-0.24787974125720016j),0j,(0.1604111132468563+0.2778299128736952j),0j,0j,0j,(-0.30227901478550673+0.15005405842878528j),0j,0j,0j,0j,0j,0j,0j,(0.3599050063413967+0.24141117012515018j),0j,0j,0j,0j,0j,0j,0j,0j,0j,0j,0j,0j,0j,0j,0j
0j,0j,0j,0j,0j,0j,0j,(0.054013698208775385-0.01969170980316453j),0j,0j,0j,(-0.12471160071832131-0.013515114532500384j),0j,(0.14157039110208686+0.1726281693933002j),(-0.1292909558688571+0.010177035113216064j),0j,0j,0j,0j,(-0.042328539571054084-0.07314053678714257j),0j,(0.1923953331955963+0.004847910877574146j),(0.22858725623402376+0.16163197939205412j),0j,0j,(-0.025397703219786953+0.18424839505760024j),(0.13497128185940457-0.4211744619611668j),0j,(0.027048661150387527+0.12076761810175704j),0j,0j,0j,0j,0j,0j,(0.07105336744844419+0.20976734937425415j),0j,(-0.45344333006951565-0.16936264512651394j),(-0.02246519656356017-0.0012136890148668283j),0j,0j,(0.11705892872824043-0.12099766414956238j),(-0.03514558807116587+0.07380794986876359j),0j,(-0.1466766288088911+0.2851829026332002j),0j,0j,0j,0j,(-0.16730304718035022+0.15629564419995884j),(-0.22401785575961491-0.0471018840190597j),0j,(0.08891832457513653+0.06745334032426172j),0j,0j,0j,(0.07062010939495932-0.04731801224650769j),0j,0j,0j,0j,0j,0j,0j
0j,0j,0j,0j,0j,0j,0j,(0.04569142849088875-0.04748624430404364j),0j,0j,0j,(-0.1772932450238833+0.08528613126866535j),0j,(0.23069917491357533+0.004826869551973583j),(-0.10774428372697349+0.05052504135951719j),0j,0j,0j,0j,(0.22136548369483308+0.02660529399917641j),0j,(-0.4417881620296622+0.07747138908806411j),(0.20324003864173587-0.03193975191955084j),0j,0j,(0.020202018438108017+0.03671698912980926j),(-0.03514558807116613+0.07380794986876327j),0j,(-0.11679628692558376+0.11724286889839479j),0j,0j,0j,0j,0j,0j,(-0.10304090510870537+0.03443657563963723j),0j,(0.19239533319559673+0.00484791087757441j),(0.09567883005984423+0.10937923070108964j),0j,0j,(0.006553804582415538+0.06653665347125641j),(-0.2066196494289276-0.529439208500617j),0j,(-0.07644844720753254+0.09634829011171984j),0j,0j,0j,0j,(-0.10958268678942466+0.1222598562036192j),(-0.11273225463505049+0.0982012763478942j),0j,(0.2961499175461506+0.10339485005266023j),0j,0j,0j,(-0.004431070333193613-0.014925725616221866j),0j,0j,0j,0j,0j,0j,0j
0j,0j,0j,0j,0j,0j,0j,0j,0j,0j,0j,0j,0j,0j,0j,(0.08602338328131434+0.01567681145350865j),0j,0j,0j,0j,0j,0j,0j,(0.28118767985529153+0.06643430713246982j),0j,0j,0j,(-0.26069789080854777-0.11322450082699109j),0j,(0.16891726191624598+0.3239239879530614j),(0.03955216493224964-0.06840518277185742j),0j,0j,0j,0j,0j,0j,0j,0j,(-0.24335635781861983+0.12644114623516053j),0j,0j,0j,(-0.23600372928151095+0.009457832047184481j),0j,(0.28249412859529144-0.07728071800543922j),(-0.20959712038389453+0.25324721896791286j),0j,0j,0j,0j,(-0.054042926664180854+0.07173093190717887j),0j,(-0.3285214321938338-0.037363165941515786j),(0.3674549231124346+0.033583233155263015j),0j,0j,(0.16829094679371912+0.1474088008611712j),(-0.2303556016717383-0.03323018426487471j),0j,(0.06627672737511327-0.037407595014365067j),0j,0j,0j
0j,0j,0j,0j,0j,0j,0j,(-0.043014527897483265-0.01604443447756973j),0j,0j,0j,(0.12486059422635386+0.019273399954152913j),0j,(-0.0005442503869009234-0.028740853121851435j),(0.06886045911076885+0.08604243227135862j),0j,0j,0j,0j,(-0.10005721748104267-0.023173213121602344j),0j,(0.23069917491357483+0.0048268695519741j),(-0.05072492064326013-0.06757612050667859j),0j,0j,(-0.02604549521221948+0.18341397870222265j),(-0.22401785575961447-0.047101884019059764j),0j,(-0.24421478318942844+0.01287553661697021j),0j,0j,0j,0j,0j,0j,(0.056461315513811644-0.07051979335732268j),0j,(0.14157039110208666+0.17262816939329953j),(-0.004169587177341052+0.02550246325467499j),0j,0j,(-0.1346231724735224+0.2922280077966959j),(-0.11273225463505017+0.09820127634789422j),0j,(-0.28575160881179834+0.1341102147534941j),0j,0j,0j,0j,(-0.10353723995937826+0.24213433557041503j),(0.29717393891038346-0.42716368585852416j),0j,(0.2864954074559792+0.20021504255450068j),0j,0j,0j,(0.042131774196988755+0.05694867329057213j),0j,0j,0j,0j,0j,0j,0j
0j,0j,0j,0j,0j,0j,0j,0j,0j,0j,0j,0j,0j,0j,0j,(0.04054129159297462+0.07152763286438668j),0j,0j,0j,0j,0j,0j,0j,(0.05724048008546308-0.3482445368268041j),0j,0j,0j,(0.02178448861838076+0.07383279478872411j),0j,(0.08821429251520405+0.27544934278011035j),(-0.18607244350794286-0.09263403175846471j),0j,0j,0j,0j,0j,0j,0j,0j,(-0.12154553782354062+0.2547602822784766j),0j,0j,0j,(0.2849741823490412-0.05157653856194186j),0j,(-0.3517367651723207+0.1526619797268994j),(0.07300407520868041+0.2859313764171633j),0j,0j,0j,0j,(-0.1935912737721757+0.0444048889120594j),0j,(0.28249412859529155-0.07728071800543909j),(0.02007510089898711+0.054684991023531554j),0j,0j,(-0.0781783864939198+0.27301056133271306j),(-0.0032789953980031997-0.3478921190708148j),0j,(0.05503130618636105+0.07010961904532635j),0j,0j,0j
0j,0j,0j,0j,0j,0j,0j,0j,0j,0j,0j,0j,0j,0j,0j,(0.042256757382342004-0.08634605245590404j),0j,0j,0j,0j,0j,0j,0j,(-0.10602419357646989+0.11742790766325324j),0j,0j,0j,(-0.03710095924061748+0.20585001492708202j),0j,(-0.0686971657750204-0.07266219335877978j),(-0.25140578105646477+0.21874023300540546j),0j,0j,0j,0j,0j,0j,0j,0j,(0.29750132344298025-0.10855778437721159j),0j,0j,0j,(-0.21658455035273283+0.24701522239252902j),0j,(0.08821429251520375+0.27544934278011074j),(-0.26273815955915203+0.024343355368265988j),0j,0j,0j,0j,(0.04254354868736378-0.06143136133539013j),0j,(0.1689172619162461+0.3239239879530623j),(0.34258738351547746-0.18692242447602458j),0j,0j,(-0.17264898559018355+0.216877280666811j),(-0.012754803373145673-0.24787974125720044j),0j,(0.0676456407820584+0.0710984289630092j),0j,0j,0j
0j,0j,0j,0j,0j,0j,0j,0j,0j,0j,0j,0j,0j,0j,0j,0j,0j,0j,0j,0j,0j,0j,0j,0j,0j,0j,0j,0j,0j,0j,0j,(0.3001635469775078+0.2140841807732852j),0j,0j,0j,0j,0j,0j,0j,0j,0j,0j,0j,0j,0j,0j,0j,(0.4395567029395295+0.19265550284178004j),0j,0j,0j,0j,0j,0j,0j,(-0.05406517953331464-0.3500576046262142j),0j,0j,0j,(-0.15222637321031737+0.42114299052459736j),0j,(0.46494290758925666+0.11629430129588778j),(-0.15748568033024388-0.23075506934903553j),0j
0j,0j,0j,(0.019808802128576393+0.005610289946307732j),0j,(-0.05964415749880393+0.03819848279499264j),(-0.03909205067813803-0.01852063618323481j),0j,0j,(-0.06302156133870862-0.08821154398148927j),(0.06627672737511331-0.03740759501436523j),0j,(0.11332890013593243-0.16103108720870077j),0j,0j,0j,0j,(0.030545983896838023-0.08630985721093273j),(0.05503130618636108+0.07010961904532571j),0j,(0.08026602731023826+0.017872341359284616j),0j,0j,0j,(0.3838326143012675+0.20437736448283028j),0j,0j,0j,0j,0j,0j,0j,0j,(0.026030083566215112-0.11237658991608888j),(0.06764564078205908+0.07109842896300865j),0j,(0.11486887971873824+0.012016531330534735j),0j,0j,0j,(0.3638199419905015+0.23614109472078243j),0j,0j,0j,0j,0j,0j,0j,(0.2832848141225655+0.6477106024600107j),0j,0j,0j,0j,0j,0j,0j,0j,0j,0j,0j,0j,0j,0j,0j
0j,0j,0j,0j,0j,0j,0j,(-0.03306500672862347-0.01772408344478863j),0j,0j,0j,(0.06532382716521913-0.009319123172201281j),0j,(0.05646131551381175-0.07051979335732225j),(0.16453278721542622+0.012422927796949142j),0j,0j,0j,0j,(0.060168149100103326+0.08345594031635785j),0j,(-0.10304090510870535+0.034436575639637305j),(-0.11888702031255004-0.002099794305467185j),0j,0j,(-0.12103108495414365-0.0270945467960122j),(0.027048661150387555+0.12076761810175655j),0j,(0.42414591371085+0.13348837482782314j),0j,0j,0j,0j,0j,0j,(0.09672748293454883-0.006254939659567067j),0j,(0.07105336744844343+0.20976734937425448j),(-0.09241808337353959+0.19677779087384803j),0j,0j,(-0.18254936113740117+0.16645706978216723j),(-0.11679628692558375+0.11724286889839464j),0j,(-0.14402445377252612+0.2017142563728347j),0j,0j,0j,0j,(-0.4601023344383014+0.008450801512603943j),(-0.24421478318942963+0.012875536616970416j),0j,(-0.2961644529456863-0.032779339494407006j),0j,0j,0j,(0.2785670156151038+0.019687761469970214j),0j,0j,0j,0j,0j,0j,0j
0j,0j,0j,0j,0j,0j,0j,(-0.041102745650053576-0.01598753075459261j),0j,0j,0j,(0.11868299499620258+0.018871318212048308j),0j,(-0.10005721748104268-0.023173213121602164j),(0.06302024337097688-0.08535324770178272j),0j,0j,0j,0j,(0.00986409421616437-0.02914524285247224j),0j,(0.22136548369483267+0.02660529399917694j),(0.12340889606207359+0.20379705957972089j),0j,0j,(-0.048022136892099464+0.19013451509947799j),(-0.14667662880889118+0.2851829026332001j),0j,(-0.14402445377252646+0.20171425637283394j),0j,0j,0j,0j,0j,0j,(0.06016814910010274+0.08345594031635818j),0j,(-0.04232853957105391-0.07314053678714268j),(0.008504160799102187+0.024179524737095417j),0j,0j,(-0.2086234788514684-0.0589431847848102j),(-0.07644844720753184+0.09634829011171933j),0j,(0.3688010262276398-0.39179433465592545j),0j,0j,0j,0j,(-0.2536858152465624+0.020496947950398112j),(-0.28575160881179756+0.13411021475349427j),0j,(0.25385361121710365+0.2200901737251177j),0j,0j,0j,(0.047256588434327014+0.04581576394569367j),0j,0j,0j,0j,0j,0j,0j
0j,0j,0j,0j,0j,0j,0j,0j,0j,0j,0j,0j,0j,0j,0j,(0.12158909532386616-0.15651078273500565j),0j,0j,0j,0j,0j,0j,0j,(-0.03687479289768428+0.225308412010681j),0j,0j,0j,(-0.09511123786890457+0.1902731252503295j),0j,(0.04254354868736371-0.06143136133539006j),(0.2976281946422398+0.23115736454444116j),0j,0j,0j,0j,0j,0j,0j,0j,(0.006579155332075256+0.29263047107952567j),0j,0j,0j,(-0.06038849404339209+0.07893321513545626j),0j,(-0.19359127377217464+0.04440488891205853j),(0.05777649543332693-0.08484523862842452j),0j,0j,0j,0j,(-0.4482557949162384-0.3651125482524264j),0j,(-0.054042926664181215+0.07173093190717886j),(-0.09736777030488175+0.2023146595880234j),0j,0j,(0.014903384201596339+0.29877116014139016j),(-0.023171246087618266+0.22066196668801727j),0j,(0.11332890013593297-0.16103108720870024j),0j,0j,0j
0j,0j,0j,0j,0j,0j,0j,(-0.01689883639566354+0.03720113110859843j),0j,0j,0j,(-0.02313338053049689-0.14710421344781408j),0j,(0.12486059422635369+0.019273399954152986j),(0.06068428585460301-0.00373343920753595j),0j,0j,0j,0j,(0.1186829949962024+0.018871318212048474j),0j,(-0.1772932450238832+0.08528613126866488j),(-0.1260277887349717-0.028466342792687286j),0j,0j,(-0.026268355250464438+0.2439016988719449j),(0.0889183245751362+0.06745334032426119j),0j,(-0.2961644529456859-0.03277933949440867j),0j,0j,0j,0j,0j,0j,(0.06532382716521931-0.009319123172200966j),0j,(-0.12471160071832131-0.013515114532500807j),(-0.01912957804114455-0.08962020750119111j),0j,0j,(0.08484563556070976+0.09053302684905867j),(0.2961499175461502+0.10339485005266051j),0j,(0.25385361121710476+0.22009017372511921j),0j,0j,0j,0j,(-0.30780065678077767-0.012155027044850898j),(0.28649540745597823+0.20021504255450098j),0j,(0.09839379221897422-0.30614813349757336j),0j,0j,0j,(0.1312793832245257+0.3638371358130873j),0j,0j,0j,0j,0j,0j,0j
0j,0j,0j,0j,0j,0j,0j,0j,0j,0j,0j,0j,0j,0j,0j,(0.05966477413713613-0.026501106347436985j),0j,0j,0j,0j,0j,0j,0j,(-0.19667542998898593-0.08013069996170397j),0j,0j,0j,(0.36032386028322316+0.08028360018411286j),0j,(-0.21658455035273316+0.24701522239252874j),(0.060722167198867735-0.076989926313059j),0j,0j,0j,0j,0j,0j,0j,0j,(0.14241618831806652+0.17448826229597836j),0j,0j,0j,(-0.3106169960371018-0.09133084699723895j),0j,(0.28497418234904176-0.05157653856194162j),(0.12203334035988259+0.3379257128417041j),0j,0j,0j,0j,(-0.0603884940433919+0.07893321513545755j),0j,(-0.23600372928151078+0.009457832047185614j),(-0.2532889692754997-0.13866876670127903j),0j,0j,(-0.24179504788720327+0.14796256871039873j),(0.30022052683718786+0.04479765867774169j),0j,(0.08026602731023794+0.017872341359284536j),0j,0j,0j
0j,0j,0j,0j,0j,0j,0j,0j,0j,0j,0j,0j,0j,0j,0j,(-0.05307805199248432-0.09769861697908405j),0j,0j,0j,0j,0j,0j,0j,(0.19187277737754968+0.21183464280598516j),0j,0j,0j,(-0.07856122441508102+0.05601015678721642j),0j,(-0.03710095924061696+0.20585001492708196j),(-0.3250188735247953+0.15991645955640518j),0j,0j,0j,0j,0j,0j,0j,0j,(-0.036596678260939805-0.126906471872167j),0j,0j,0j,(0.36032386028322283+0.08028360018411318j),0j,(0.021784488618380116+0.07383279478872344j),(0.36785535066391645-0.16725528079997762j),0j,0j,0j,0j,(-0.09511123786890446+0.19027312525032913j),0j,(-0.26069789080854805-0.11322450082699086j),(0.19271728758987627-0.13188868466143894j),0j,0j,(-0.3062943466725999+0.08996047959804224j),(0.16041111324685586+0.2778299128736952j),0j,(0.11486887971873805+0.01201653133053443j),0j,0j,0j
0j,0j,0j,0j,0j,0j,0j,0j,0j,0j,0j,0j,0j,0j,0j,0j,0j,0j,0j,0j,0j,0j,0j,0j,0j,0j,0j,0j,0j,0j,0j,(0.4302937181806915+0.17023937697826366j),0j,0j,0j,0j,0j,0j,0j,0j,0j,0j,0j,0j,0j,0j,0j,(-0.02163426533841414-0.35755715709881974j),0j,0j,0j,0j,0j,0j,0j,(-0.18313113519745305+0.43186587816322025j),0j,0j,0j,(0.08548554980565276+0.1341492352318641j),0j,(-0.1522263732103165+0.4211429905245955j),(0.3024031889647992-0.34672725128956317j),0j
0j,0j,0j,0j,0j,0j,0j,(0.01031187203542221-0.0034854640770500328j),0j,0j,0j,(-0.016898836395663572+0.03720113110859836j),0j,(-0.0430145278974832-0.016044434477569664j),(-0.033351469119191984-0.019517042243019832j),0j,0j,0j,0j,(-0.04110274565005347-0.015987530754592593j),0j,(0.045691428490888655-0.04748624430404342j),(0.05659841828127115-0.017207156446039935j),0j,0j,(0.07016551344444062-0.1307924152732903j),(0.07062010939495947-0.04731801224650754j),0j,(0.2785670156151034+0.019687761469970293j),0j,0j,0j,0j,0j,0j,(-0.03306500672862345-0.017724083444788666j),0j,(0.054013698208775315-0.019691709803164294j),(0.04171009454957354+0.012560616258026382j),0j,0j,(0.06781644919905523-0.05377770530824214j),(-0.004431070333193402-0.014925725616222256j),0j,(0.04725658843432737+0.045815763945693866j),0j,0j,0j,0j,(0.27597341729867386+0.011769528370649462j),(0.042131774196989415+0.056948673290571766j),0j,(0.1312793832245254+0.36383713581308813j),0j,0j,0j,(0.40302517844011876+0.6823090394496982j),0j,0j,0j,0j,0j,0j,0j
0j,0j,0j,0j,0j,0j,0j,0j,0j,0j,0j,0j,0j,0j,0j,(-0.03534880825689816-0.020399307942123565j),0j,0j,0j,0j,0j,0j,0j,(0.04667617334476632+0.03172987652200888j),0j,0j,0j,(-0.03659667826093966-0.1269064718721665j),0j,(0.2975013234429795-0.10855778437721078j),(0.2901581233170742+0.06486320158224222j),0j,0j,0j,0j,0j,0j,0j,0j,(0.07881901781710023-0.07452628799508103j),0j,0j,0j,(0.14241618831806582+0.1744882622959784j),0j,(-0.12154553782354008+0.25476028227847547j),(-0.20796243089423852+0.1896754212451937j),0j,0j,0j,0j,(0.006579155332075112+0.2926304710795249j),0j,(-0.2433563578186206+0.1264411462351611j),(-0.29835173575719975+0.06899138112411313j),0j,0j,(-0.28173247595277867-0.16334617387218367j),(-0.12404755813831012-0.04916761916934207j),0j,(0.38383261430126714+0.20437736448282987j),0j,0j,0j
0j,0j,0j,0j,0j,0j,0j,0j,0j,0j,0j,0j,0j,0j,0j,(-0.06847991609675888+0.029228927224512976j),0j,0j,0j,0j,0j,0j,0j,(0.13766264085254784-0.19639854531439596j),0j,0j,0j,(0.1918727773775494+0.2118346428059841j),0j,(-0.10602419357646949+0.11742790766325309j),(0.032973512559375244+0.14823802653106374j),0j,0j,0j,0j,0j,0j,0j,0j,(0.04667617334476627+0.031729876522008794j),0j,0j,0j,(-0.19667542998898618-0.08013069996170337j),0j,(0.057240480085462536-0.34824453682680384j),(0.05244792488983379-0.24285928172377744j),0j,0j,0j,0j,(-0.03687479289768428+0.22530841201068016j),0j,(0.28118767985529197+0.06643430713247053j),(0.13905833235301984+0.3078048280047847j),0j,0j,(-0.13078197677274475-0.06145515847280891j),(-0.3022790147855057+0.15005405842878386j),0j,(0.36381994199050177+0.2361410947207813j),0j,0j,0j
0j,0j,0j,0j,0j,0j,0j,0j,0j,0j,0j,0j,0j,0j,0j,0j,0j,0j,0j,0j,0j,0j,0j,0j,0j,0j,0j,0j,0j,0j,0j,(0.34280299796936986-0.30768726196123963j),0j,0j,0j,0j,0j,0j,0j,0j,0j,0j,0j,0j,0j,0j,0j,(-0.20708812218119876+0.3757804053083191j),0j,0j,0j,0j,0j,0j,0j,(0.09303857017047262+0.1467372109887953j),0j,0j,0j,(-0.18313113519745394+0.4318658781632201j),0j,(-0.054065179533315806-0.35005760462621527j),(0.4535340357732204+0.14942765547200004j),0j
0j,0j,0j,0j,0j,0j,0j,0j,0j,0j,0j,0j,0j,0j,0j,(0.020716246409077748+0.009397054585848105j),0j,0j,0j,0j,0j,0j,0j,(-0.06847991609675907+0.029228927224513j),0j,0j,0j,(-0.053078051992484235-0.09769861697908415j),0j,(0.042256757382342254-0.08634605245590393j),(0.03886172399267417-0.11327078385681356j),0j,0j,0j,0j,0j,0j,0j,0j,(-0.03534880825689798-0.02039930794212365j),0j,0j,0j,(0.05966477413713636-0.026501106347436753j),0j,(0.04054129159297471+0.07152763286438642j),(0.05125603976696622+0.0725180502387911j),0j,0j,0j,0j,(0.12158909532386615-0.15651078273500543j),0j,(0.08602338328131423+0.01567681145350858j),(0.12150721602555038+0.011151768005830159j),0j,0j,(0.37938954438298816+0.20995363025385458j),(0.3599050063413969+0.24141117012515045j),0j,(0.283284814122566+0.647710602460013j),0j,0j,0j
0j,0j,0j,0j,0j,0j,0j,0j,0j,0j,0j,0j,0j,0j,0j,0j,0j,0j,0j,0j,0j,0j,0j,0j,0j,0j,0j,0j,0j,0j,0j,(-0.11491749721100836-0.2725996472591991j),0j,0j,0j,0j,0j,0j,0j,0j,0j,0j,0j,0j,0j,0j,0j,(0.43075632419336723+0.2154402404582961j),0j,0j,0j,0j,0j,0j,0j,(-0.20708812218119763+0.3757804053083205j),0j,0j,0j,(-0.021634265338413894-0.3575571570988198j),0j,(0.4395567029395292+0.19265550284177999j),(0.30337937821898364+0.2138715565782497j),0j
0j,0j,0j,0j,0j,0j,0j,0j,0j,0j,0j,0j,0j,0j,0j,0j,0j,0j,0j,0j,0j,0j,0j,0j,0j,0j,0j,0j,0j,0j,0j,(-0.09671780154068307+0.1153336355591401j),0j,0j,0j,0j,0j,0j,0j,0j,0j,0j,0j,0j,0j,0j,0j,(-0.11491749721100848-0.2725996472591994j),0j,0j,0j,0j,0j,0j,0j,(0.34280299796936875-0.30768726196123997j),0j,0j,0j,(0.43029371818069184+0.17023937697826366j),0j,(0.30016354697750613+0.21408418077328487j),(0.450186495158857+0.3534256254689593j),0j
0j,0j,0j,0j,0j,0j,0j,0j,0j,0j,0j,0j,0j,0j,0j,0j,0j,0j,0j,0j,0j,0j,0j,0j,0j,0j,0j,0j,0j,0j,0j,0j,0j,0j,0j,0j,0j,0j,0j,0j,0j,0j,0j,0j,0j,0j,0j,0j,0j,0j,0j,0j,0j,0j,0j,0j,0j,0j,0j,0j,0j,0j,0j,(0.34663531783502005-0.9379999767747208j)
